owner,aggregatedValue
0x2383d2523d0c9dd42d00957168b2ba0eeface1b9,3826
0xf19bc58f747d6ea11959bf2a0fa81e53285546ac,3535
0x6a1a252e84bf1569be1652c53801c85e26b142fe,2809
0x27ace2849d6e1be10a3f0274d279c7788646b55e,1712
0xc4ed938caeb36008493aa2e327140a8a3324d193,1616
0x47b20272ebee4233aad387dd88aa80ddaf55032b,1363
0x4cf67b152b12e4047b2b5b7d39772e47c05d7153,1295
0xdca043d1aa8061d6577b361de32f6ae552b30339,1261
0xfc39dd253b7f9d4f8b5cb9d6a2c911080f504327,1123
0xa5b7a2af41e16bbe53b0b998add1d7b939c24093,1111
0x980761c121be0b51f2e48ff8a57155e6d175f552,1111
0x9023ffb860d864d641ec17b240237681a54700af,1099
0xa75f7cb0fcc56750ffca37227fc6ce43d4be5ed9,1086
0x78be4a225df959a0c2ba8d57430e9b10a3e10338,1071
0xdd061dcef5a5a7d40ed4baa3191ecf9b98eeabdd,982
0xca809428f6a089bc80e848753e56a99acaf3a4ba,949
0xde62c4b2c138d4bd30734001a923b76272fac92a,947
0xf4859a0d738bdda102380637799e24ea11c16d43,878
0x5470c5a6fce7447afd2c9be3a0f25e362c093661,858
0xbdd95abe8a7694ccd77143376b0fbea183e6a740,839
0x4010a534b8ab01945dec322f4eecd6a4b4785277,831
0x9271d052d0cf0ee41f4d2a698b021364b7b0117e,812
0xe03d7cb5e146e7f67c5da6bd81d7252b2d6eea09,749
0xff019340537c2db8f0717f9e710977d18a46d61f,648
0xb58489ca644513558e2836377b15a7c1514e722b,627
0x7157dff1fdae14f7f4e8eecce175899cadca391f,615
0xf035af8a3dff1f90aeb21f9623589ae1330e9e09,585
0x1e61d8d7bf361691c9c4973547187533696e7680,582
0x301817bbccc78c7f6b450a2d9001c504dd96fea1,571
0xa8cca789cfd9033330a5d230079679cbe8a24989,555
0x96b19a7cb74f91adff8168bc2b8cd295252c9360,546
0xe526d1f37289fdc9a809353bbb9474beef439979,518
0x9e005ea686d99febaedd8bdbf3440c15233c4b34,512
0x80a25bb487e89e79599c9acae6dbc6b8a5f1bcdc,503
0xe51ec7d0b3809fc7e41d7fd033fbaf0affc443c5,500
0xbb4207b3e0627983525af29545324f61276670ea,500
0xb9b05740acd79ba762fda0b9196f5dfc3785685c,499
0x42a60d2f2ffa2150c568010a8d425f0aad284fd2,473
0xf1f688b2511f404bbe0f798b1e5f150c3cfa2f93,463
0x0392c0d81934b52f64aa50c2cfbbcf28cd6141b2,453
0x8ffa85a0c59cf23967eb31c060b2ca3a920276e1,451
0xfba6d264f7c3a2a3f6eb2a73edb6849475737d19,443
0x79296381bd8690482376fe355e0f68dca8bb6b4e,430
0x6f533e0048fb573cd45c0aa9dc31b5c6ebce02df,413
0xc47356aa9d0cf8ee2d30d0a5565b1a78c78ed255,407
0x892cec5232c3213b179569d1feb7ea2af725a110,404
0x0a0d186a75d96c7cc5e5e97e1c61ce438d58722b,380
0x7fcba00be45e7f5260b4e0369313b642fa810f6d,377
0xb4eee967b461f27d7c026fc9233c6679873b4721,374
0x5d958570d8e7e889f95d278160e1d20d73222a74,370
0xbf26925f736e90e1715ce4e04cd9c289dd1bc002,368
0xb910119f8b1838a95f9fbcf575e51e1e72469517,350
0x3a1f7faa40c93be8e4a3f76b7e910dcd8776cf76,349
0x98542a7bac725e47dc787e0cb38352b509307c79,330
0xb0ff9c9b8f7d80f24aef49ddcf6b35bb5a775d79,322
0x2bde15dfbc4cab612f8288b9e2acd8f6298ac018,321
0xf7f87e63477e9f4857c68fb7a09e648fcbc2009a,318
0x1b338506889555b13926e74dc222d1bb762ef2f7,312
0xdaa0c91e48f74b5000474bfc5fcf6152ca0c7857,312
0x2ce0fb9a765ba7f55d43897dd404c8d92e9c0708,310
0xbf09b58feafb40b5fcda967252bbe2534771257b,309
0x9ea2376a57d7627e2cbc650030bbe54f821d8f29,303
0x07062c38ef43fb33ee1f5f336fb693cae877f53e,302
0x6a19cd93d7aa7f613ee0e714ae265687e2f8a03a,292
0xb8e2a41d56cba83a8a382cb04af932465c7a75ee,289
0x6eef09b526d883f98762a7005fabd2c800dfca44,279
0x8abce92995e43f0a964ebb89ed1c9e8808fe6ad5,278
0x259b9c4cfeadaef8a5b842710a777364988415b3,267
0xaac6947538bbe9840a6498e8c09e1c6648ead4a8,267
0x513c792bca50f785cb4eb53e4d71f4fc6320bf4a,266
0x3a55478adafce637a9eb4fdf5027f283ed4233fe,263
0x855a7f01d07fde0480c54c7349707e5481bc2093,260
0xaa6efd9f04ba496f3fa87cc5cb7c78cbc099717f,259
0x87d9b41d139189403e008d9c0678f9eeb5754cf8,256
0x926e537c046eee6e68097ed14360be9bf4fed1e8,250
0x617ee4d9504c9fa914eb511cda1638005409beb5,249
0x06401f513e867b58c0b825b6ac7af69b05172a72,249
0x41975b75fad36cf476d00ed4e5d5b15482a21d4c,244
0xc9c022fcfebe730710ae93ca9247c5ec9d9236d0,244
0x78e6beeaf1e3ea7ecb788dc150d633e8c68f1289,244
0xd7bad5eff26389b4ee7822690207b13106e03d43,242
0xd51ce9be4a1cb6185b76ba825c59236a6cf5ca2a,240
0xf04f09930d20c95e93c34a2e70cbf75b1eba0c2c,239
0x688f9fe6c011c0607a4518ef887b618384cb8ccb,235
0xadc572b34f685dd1c12c5d1b592877f68fe5bbb0,234
0x3c717986a9776a687c804efc46849e42828fa2ef,226
0xc443727503ff057e36d12f45dad99a8af851c883,221
0xb70b00cc8d5c1430f6c5123e73c7107f88635adb,220
0x12c012d2bf99de146c6c7465b81647abc56c9110,220
0xab1348b382eaec3d4a05cb85c999fc205b45292c,219
0xa1398687b06ea8df8988518be2cd7369479ced42,215
0x4909874d30caeae56660afa767f13cd8943db380,213
0x46d3ce4f676923d1b5b5ab54c87972b93f603a86,208
0x3d39ac6cb3d3d71f29159ab080a766f5205dcbdf,208
0x2fffd5bbf776115d99b982c179a4547d4bd2f2bc,207
0xebd03be4405611cca70f0aa307625851a3802bfd,206
0x3ea66608984afaa2e00785f4423ce61fdc80ae57,206
0xc8803d21a704bfebdbc394bd16501a4b36ad3a2d,202
0xa9ed40a039376dc1ac935903b2ea57d9c8da054d,200
0x69e6a624922c59b469491c5f668335f89e7e703f,199
0xccb3130d29424b90856963d9079df42ea4333655,197
0x3193606a0a1d70c3c9298abb2ba9f998ab6f038a,195
0xed8db5de8e7f3f14114bb2e2d57f08182537350f,195
0xcfcb181b5cb759160a532964a2f2c3390c6f4221,191
0xb12aa8282b00de547fda518cff984a375a61a29d,190
0x500ea0a1d14f903b4ce3e90addfb4196916262c0,190
0x6bed8bd5f4ec12baacd469f7c1b6556867fdf5fe,190
0xdfa413375306e2169adcbbe8551f69739328e6dd,188
0x1f0975ae1440143cb6db5fa207f955def7a7cf5e,188
0xdbb643740ce08ad124dd5ca747845fe798f12624,188
0xfb93428eb65cd82ee732c425456572e536beb09a,180
0x1feb5b84f4e4845ff98d016fba3f00b2e19677d3,179
0x486e528a2ea87c5462d2423eaa60eeb4b11617a4,178
0xbc8a4501cf41c02f1b3b66ace3af551229612cb4,177
0xa62f52a52a351d63b079517aca35e6bebf55c474,176
0x6520d71fc6226f6743ce571f0e9aa58c406a58cd,176
0xbf4cc9ebfc3d71da79bf5245d408adc27a9f7976,173
0x38eeee83a388ef859db0e8bffeccea11189c02e2,173
0x9a0abcd57493935a1fd880b157a0f9784471ba89,172
0xac77b446128ce9bb3de67f3f26db332f8b6816b7,170
0x6e06a2549009da602cbc7ac8fa9794268d2a3c58,169
0x0f7a2eb5dfe07f58b73f2a61094bbd3541d3c520,169
0xc8caf1d7b29d88e94b5bbe9731d1808e7bd165f5,166
0x283d34b2fbce47a00c94a4335b3dcd2275400bf3,166
0x49c94bf30d15858669666a5ce56f532f1f427b2f,165
0x5a5a5fb8b68f3cf5e8512c70f3bf4f486eabf178,164
0x024f1f8b3789bfdf9edb47f58a0d7a3afeaea804,164
0xdc3f4f50bcfe190b7d9a9dc4fc6a28bbbcefd9a6,160
0x0f8176c597aa2136b54bca3f10e098c668fa2ccb,160
0xd6bf6395d4e5b586aeccb34200e49cd5fe70dafb,160
0x0b5bf9bf9740ebb294bd4cad3ca13317d1c9b71a,160
0xc643c9411a6b489e9833b16631140f42bbfcb6d1,158
0xca5a54fbb34e44b0f91f3110ee66a672d64e2856,157
0xd46c8a8eea2254b4dd7188ead9b2361de541ed86,157
0x41466691be2b759abc85048b540657a4472f206d,156
0x2bf0df7fcf1e8271ab075019dd0585adc09a46df,154
0xd10704eafcd7b767d33fd25f84f1b7241577d83a,152
0x9103ad86d6bae777cb74c779775c5736747a1763,152
0xbca68135c42a9420bf9ffd90fc95e3ab63b9e191,150
0x44900d2dcfa104bbd139544bb451b26bf7866031,150
0xb6721c54fc4bfc7bfa197cffaba58d6a70ea2f4b,150
0xfd993606d7bff499cb82a98199eb3ea448c1d0c1,149
0x04d4e38e09a2f3dae520f3d0071e10b51b78b77a,148
0xa530ef950f344aa394278d7f3b1092e9f412e7ee,148
0xc1692cd69493436b01cddcbe5fedbc911746a7c1,148
0x7b6679104004b59f34f6a33f81d5e98d568a3835,147
0x13154a5c4db42ba376437cf9b1948756a3ed6ebd,146
0xeee899b6521db73e94f4b9224cdf3db0010fa334,146
0x801216a17cc09d1699f7e956e27a77ab783d01e3,145
0x8f37b12a6860e29a3ef3f8bbaff16c32a43a379a,145
0x9564bde6c2758f25f96ed5606691a294eeb4a7a5,145
0xe0c3b25b71c0a44a3bcb443d2bd9e92103ee7ddf,144
0x71edfe0256a2bc94bc3c612804c2e1024bab5fc1,144
0x55488dda48172bc4a8df79d9c62ef5367d1718ee,140
0xa634b35e028304e36c91be1737ec31ffe1a3772e,138
0xdb5f98d56f9731d265cd1ed771ecd4abfafc3902,134
0xc432c4f9b0b754e784eae6845cfc6d01c2f4d444,133
0x775a2919c68b648bc4d932b6f0e0fab5af1e0805,132
0x8a7b802bbf5bb75dd1d491251a01eae2646a5ad2,132
0x42c2cf604842e6b3195b395066ee4ee19045e741,132
0xb2bb37b71349ad712b5a9341780dfdf18315728a,132
0xafed08d3e4590ca26293e17479a70ca07ecb8852,131
0xc2c6903c19aeebcaab96bba2412204229f0f7576,131
0x013598ea3fd28608c23ebac199c5b4218e2ade3a,130
0x1a71709c62ad2013ea377f11602099a2b411a93c,128
0x93a692fe5477902c3cf5f6997c1cf59a3712ced4,127
0xeec28f46e46090d51ff50b07f43533112f720b82,127
0xaf1e341716987b31489263655605961cc1a6b80b,126
0xf5297bfa12504f8166baf03e4564cdf13d64f844,125
0x81e070e02a0c467e53b06fc3721c14d90a717db9,125
0x43c1fe580d4dbb24befc651bd0cf5b5c33c52b05,123
0x10d6e0ef02a94c671cdcc7e53c3e9318ce68cd6b,123
0x129774ee805e873193b73a2a91d3525e5c467363,123
0xb712b8dcf5f81a170337a1278a1bbde31cccdaa2,122
0xb0ae827e7a8c4b4eb71d4119c32a250333769364,119
0x1e0ef5e59cdf7e295fdd188196a3cc389a1bec3b,118
0x66cfde0e1211ef2416c0dbd3898a7d95d54c9c73,118
0x2a93e999816c9826ade0b51aaa2d83240d8f4596,118
0x60e876ea350d2d3315f8b2220a1b6226e2454fe1,117
0xe70ea6f2b42a440f8457770c60f7ee05e31d02a8,117
0x8964ee288e13e8626b114cd4fd27add62c71b734,116
0xafbc3f98eedb5f9a25a4ab2232d1346612efe77c,115
0xfd8167fe62c281b504a6c7b80aff853622badfb6,113
0xa99741f539a9526b6d8d4f4b6aada721fd00049f,113
0x12527beb47c257a3c3ca4cec83f312ef79119108,112
0xd4d2308ee2ce7eb71bdd350d8993db63ef5d7521,111
0xb6d089f0b4865f922fe92815a1c90b53598e5aae,111
0xf74f8ad40b17887b0379d87c55c063dc2861aa2f,109
0x3f70ebc799ece9a13e41b08468575e2e3127dd05,109
0xd60549d6ee0b579a884a485dbbd3cb73ba3e4016,108
0x74a537f6f324368d6d2437ef2f9e4873a37989c2,107
0x0b0864dd84dbb4f4dd70f92c84b1553a19c319ac,107
0x0351e478008901d067d61232c55812d16504d574,106
0xb7c3b6c72b2a7d014ca1311f93aa3bc6b34f93f9,106
0x3becc01158aad310189d2debe4b7e79df24de880,105
0xf817b32dcbdacccaed4d80c70d57d03a8c238902,104
0x72a0afeb1b3971f5fcdece3a5220ef112cdea501,104
0xc93eef7f0d9b4490abcc58ff55814004eda0296d,103
0xe8bb2e08e6f52f11d8b65e2a3db772daa60e117e,102
0x3424d2adb0670a4764899bdcbfffa3213fe9fc38,102
0x34f3802366a59d96565ffded9bb601d5e28a3b82,102
0xcba44d85b5749d598aeac53a75be05975e958120,101
0x72d74a290625e32fe77bd83dd59125071a10a0e6,100
0xeb0884d03a8f05d4904c14e4c8b08b776e91f5d6,100
0x3224e07103c4ab558faee6aed27a63457a823196,100
0xf2e4ce38fffeb48545def9476d4fa1595e8a9e25,100
0x5ca9d6e474d68871cc17cee4ccb6c1fa761373cd,100
0xecd1411433f3c41605b804abd35281f26c89c5ae,100
0xbb46c6e4d8a59520fbb11638c2d1228cc65f5a6c,100
0xaab7ee10d73cbc81d3bf942c49e6743a74c15809,100
0x914f576314bec9d501c54309373cf5afa8196774,100
0xac59fda6c1aa9538069e91573db5f24275f36571,99
0xbb22b864bf23b8e46afa71a6599854243e6c353b,98
0x5213895e87f9458afb3795f792bf8957b30d4017,98
0x10084538c56d09f84a955bde83a892ab67af247c,98
0x681ff7491401a72a5e1d6170a98b27e1670a0246,98
0xfe1d056c80a6b9c7e412a68fa7680c348412e904,98
0xe9b83645043d04c19849079b717775b8b9965e70,97
0xa55705954f4b629ab7c2c618fa325d2b95d1e9f7,97
0x041601dca62c358323ffd2d33770e2221a64d523,97
0x31c55f64cdd0dceb6a3ce2174044ad9350e2c337,97
0xc543b04a6c36ab76728bb1aa43b80e39e4742952,95
0xc9b44b591a92483445923f37e49c3c562316d2cc,95
0x64e1dd2405066335c38c38806e8e793c4ff932b2,94
0xa4117ab6872ed57673c1860f2a315c1ced204769,94
0x55016d5d800b17f18244f94817e81b7f88f86c3a,94
0xac6b88c8e4ab272e534d4d16b2b9bc91abf0b3f1,93
0x62ea57ae29347cb2cb8aaacb2d33fcb71d179810,93
0x2bb2814d1d3d5af9c14fe5d5d0aabab88e8f334c,93
0x2988431df19a6242d98722e18de2781db11379af,93
0x8fb864c20a30ca37c568c3310ca2aae92d0e5db7,92
0xa73f5a4a29ed9eb06bf1fbfd7c7c4268a59895e9,92
0xffccf87ae022e4e0bf3f3aae99bf13d3da80399c,92
0x30a31852c0d1ae52250c08c40de65812679bbb97,92
0x1389c9d95954649a265cd175815e98f3a02a32aa,91
0xa5a14d8ae2d08b961ebb85a93c4327b5e32c2b41,91
0xb74cae0866ab29b1a15fad8ff942ade413fd5128,91
0x8dee38b651f5d96289a3e09404a66a8a39454a72,91
0xfe4b04ade5478f3b649614221cdcc43ee31fa27e,91
0xf3fbb2c0a711529ef9b81fe59a5ef5b8f1e0eb27,90
0x5507dbd48a5a5bace8a6030e878cc4e0af147c33,90
0x25ebaeca4e40f96a71df60a3af2716a05853e395,89
0x199755e9b7da9f5ba9ec162ff9500c76e3a60665,89
0xcf878a9564a6b96b91e50ef4f51804af6ee48bfa,89
0xf049f30e16c89f2d5d85edeedc78bb4de8607fa0,89
0x3e9e7003f3a09cb82033a4f2a64e681009fc6ba6,88
0x55cb3cec8ab231349e7629ebba51328e0fbb3550,88
0xbf8641831d15c2701ba122981c3d7a6a2533ea48,88
0x9fc6ef6a3b0cf6fc2438350a6c5ea57a5c8d2731,88
0x58590365b9f634fda68b7cf880505e5f0fd62708,88
0xe0df0a570ea56e0a33e6c954dd8a19cb6d6fdfa7,88
0x5c0e408f03709b89b7f5fa91e4172425f57c75d2,88
0x033b3e311bb6e50b3f324942a0de54674f7b4d44,88
0x88f13bc43139389b783736ebc4655c262a63ea7f,88
0x0032b99033c23cbf9755e3c8fce7bca385e717e6,87
0x0f53045a4b50b269954cae726cfdb03c9aa73d11,87
0x42009020cd263575047ccc39fb2fdcc4937c2bfa,87
0x65217c49f9f1c4b5d468bcbf2942310cff530df1,86
0xcdbc8cd9299808f377c420d2e9fb6e6076f6ee81,85
0x1b30c84e244361a99be770acd57ace184983c83d,85
0x9f12858ffd44563c7e5fd247cca756b50331256d,85
0x424217e59601424639a4614b804899b1810c5391,85
0xe5d1090cca64a50167769dafde29aa745d1945ea,85
0xe422e3c0031396d5eae414e6a0f70c5535b6ec6c,85
0x34b53ea3f8ee26857d08341245bb66cdae74d486,84
0xfc7b4bff9f50506699bc9a76e262211b80989007,84
0x8156feacafe40a95307d1a890df515c0e6a2bdbb,84
0xe73e90fc400c0256bc271c83e576acb97603452b,84
0xcc4b9592e69c09bd917a3073ecbda572b06e4f25,83
0x8c76a394d736422cd0590d57f165b05e4e117835,83
0x020b9848991f6f077b4bda9d89569568666c9ef1,83
0xa57876de5e9a0c58751b51f704cf2db517788a6d,83
0x65720bb1f5d0bad279e6fb3e03b116771d0321fc,82
0x45e0041b1249b1e3c3a4d851da67dca9f3c94912,82
0x2dd9a04e88c243284bc66f49f8bef172c232c744,82
0x89b74be4a4fc2ba2375997902fbb22b5c6cfcb0d,82
0xd96f4755b4fa9617bff336054cfa48378f3d679f,82
0xfc832593b94b0f5e78a0a43b83ef3297da14c470,81
0xf78cb1ba718a03328edf094f820e88101377e2dc,81
0x4494b2722309e570e5b48f3bd709a4ff31121cab,81
0x75a87ea8ffc622752e7f2077537d17a5e9e01800,81
0xae1d7ed78c65cc05a11d832de7f799ff77c8121f,80
0xecc424c1ffb22ba13d84669f15107f53809b0ee3,80
0x1ce2304369d957fc1f0dd32c983f445e449f4c7a,80
0xd1975172cc1df00289b07f8a14e17495d5629bde,80
0x044ebb2f973bb84bce9000961b069d1af9b16513,79
0x542c933949eca95ac21e8c028b6cda6c95e499f9,79
0x5b367614fa20e43fb7ac6a3fa2b12b7ca40e4a21,79
0x7ff3c0d8eec9105f8a40b1a50990f348e9dad864,79
0x69f85315ed5e88b81ddae36c0edab686570a9eb4,78
0xf81865ced6473621741b67150ebe9406139b8d33,78
0x41a228d1d4081e2515a4af25817d0fd3213d597f,78
0xc696e45ba585fb62695ec68e8a714d4bf45e3266,78
0x4643a3a80c661d71dbf775487e346c79e483858c,77
0x05427a66cf4e9e8e366c7439718b6c32e4c6a10f,77
0x47a84c74945ab2bbb6906e592bdcc9c8b9d33d0c,77
0x7e9511036d71ef81a672f1ac1a39100f7a77d725,77
0x1fe81c4f6077bc5ae0efeab25810789b65f45621,76
0xe92ff059c4d0bf5dc410b19d01e075f2cfab25e1,76
0xb7caa87b454ba6b553f211c5e20fe25bc5aa377c,76
0x25875e3de95cb9f1772c569396944d541d087be6,76
0xba709a3a6de5145b32f2c82ef92cfbf5b1b462fb,76
0x5d0ed3086857bc36f6af403110c8c3715658fe7f,76
0x6e15276248be70a3d1bcfe2852e75b81a9d6eafe,76
0x933a3b41a5eda420ccc61ddd2eac4563929e822d,75
0xb501404ad37b8b668740944b25ee0e221a737d59,74
0x375b98a2a4316d0b263d4f2f097ff5733ffcdb0b,74
0x8c8e7a439308ab76c8090fb96ab53809a3f6c416,74
0xd6c58eab3d07025300f2517946e90779c07439ae,73
0x7e3c5dcbb4a586deca370f07bfe7e7efafd4127f,73
0x9d8346c853fd1e116b7c8a4df936f9e770a550d2,73
0xd4fa6efae3c4807650396f748a23dd91725a3d32,72
0x194558022ed21e5ea6949b35c51318fa7bb4b41f,72
0x029a870ac6e8551d1a09209c4b28e773b3ecd432,72
0x8f68909fdbb6b6ce417b3296b8eebdaa3fb9dd98,72
0x017347cb75ac8725608e593ea35d83f9b2b3cfb8,72
0x2d1cb5ed13c731604a3f1d48dc206d85fe5e52b1,72
0x9f4332e7b44583ea11840b166f43e64d4687ff09,72
0x8845234ffb6e7183e0e59a0dc9bc86bf51246699,70
0x1cba5cd08a28f1c4c6fd463921a64a437a8f5905,70
0x1b217e2d5c544525e4b79bbf89509da3aed99364,70
0xfa08cb1b0120a24aa4f06e5915abb3c7981b4fad,70
0x36fa9f68159bb54ba18e866e7a4115af17ccddbb,70
0x3f8265bcf7ce463d0cb385a1172b68e66327d3f5,69
0x11c8678135658637fc510757cb26a1de551565c3,69
0xdbe5be6a688cfcd499fc3c176803e850f6baad8f,69
0x087be9e1cbeacff8188fab3ab6e781d0ae2b4a1c,69
0xbc8877b5f13fb38bae0d795eb465fc3d995c3522,69
0xc46bc20feecaadaa7cb90553d669990e208bde02,69
0xfb43f0333aeaa535582141cf28ab209ae85ad52a,69
0xc345b043023bdeb7b034064a06e36da51d2fc3d8,69
0xc9976c3ecdea1b9bf32ba74c1ddf2456a8ed2f42,69
0x19e47ece41ce9e0aa24eff59f02c3e9ac578419a,69
0x08430b4dfb72689b4193acadefe37abde6ae93f2,69
0xf8a065f287d91d77cd626af38ffa220d9b552a2b,69
0xc0ac56cf556b41da25354cc0199200bf36f79ccc,69
0xbb323cd5544dfc50764625000e2a5f43e2f44250,69
0x152bac47b8929687e508608b54104fef949fea67,69
0xb05232886645d597b7d826843bb769dc196198b3,69
0x2ef972a34ae8b4462ea87b922206f96601edffc3,69
0xee76a05476c7b46cba209f1ad746b383f90e0f08,69
0x49ec49276bac2b04613073acf7dc28d7371a7be0,69
0x66b93ec5113283bfec35c21fe2827ad6bd80eff5,69
0x6a1228a17992baa3977d66551cfd296a3676cd78,69
0xba83245913a149572a4aff9e64ea8e31ff793aa8,69
0xef3bd95241015b733bd8fbb9572c4c5e7377692d,69
0x120ebfe81c44003cd5351731709e30f9681daf74,69
0xd7b6d175497ad6e4363dce3f8b3f4f96faa0f9c9,69
0xa7b5ca022774bd02842932e4358ddcbea0ccaade,69
0x9e04c70b6273dfcb1ff547319bf7b4a71149d74a,68
0x03e3b138696135d9c5cf68e2b6cf90ad709a51a0,68
0xd7b7a3ab29b3282dc76419bd57776e0e90de8a41,68
0x3b005fbe687984b50412fbae1591bf59a8492a67,68
0xaaf39036a861d4dfc1b79c63de634ea86a16d5eb,68
0x126be8d4a869a12f0d4f0087d3968a7cb9958996,68
0xc043e6549a9572b13196b4ac153355dbb10cdd2d,67
0xd0692d08d013471cf599340367ca07611d2e2b9c,66
0xdabbbccfd02e2f69058bf6947e6bcaeb8edc82fc,66
0x039d3ece7a18986661fb33d1e3e1f6a30c7f93e0,66
0x07e15b793561143cf8fa5fac1d330c8f56cfd300,66
0xbd541e8c29e295d1f0d8ff0e8d97a34dea268c41,66
0x0eca81c3383293a9788bdbd188703fa79fc3b84a,65
0xfaf1878b6c0ad9c82f42c1b8134bffdc35d55685,65
0x1a7ab10712652fec06e439b410ff91fb354bd9d9,65
0x58eb0848b4242010061359f0a72c81c7a4318810,65
0xa8adbeab8342fe7a2813b3f1e8db3f9da3b00fe9,64
0xfd7f3dd8901012cb6407f9295d16e232fbc49311,64
0x539e72d521d4a6815f92985a5c060c0ec2c53b5c,63
0x6ccf275989d5fcdea13f5a851c99956e10ecdfe4,63
0x8e5e01dca1706f9df683c53a6fc9d4bb8d237153,63
0xbedec7b1d3f0cf8a8621168873782505ac32e960,63
0x61042fc117a8d384e62daedbfe4e9f71037bc6f9,63
0x3825357cc52afff560a56a1d6189bae1c2fce382,62
0x9c4d83d302f642b528fd47559c194606b86e63b5,62
0x4389d74b94e07b7098660ade5d404205817a7871,62
0x5218b28ce3c0f3960b2770fa7c0e03a87f435b1a,62
0x751ed86531754ea1df93ca61440ac980d8b20015,61
0xbbb62628190df53efcd1acacf3b65bcbb0c8765e,61
0x5d39036947e83862ce5f3db351cc64e3d4592cd5,61
0x372ced7af27e31828db5ad1d1b09417c14430fb2,61
0x9cd074f0192bb2a477da3271ba03db4fc5cd38c7,61
0x6d4b80acca7abcd6d7241cb4cbe57aec0ceda931,61
0x3cf39bc1b7453d849df3b4f34403d4efe6051b67,60
0x4ae5e79106a42e2e36bfc8ff3db0223e20341331,60
0xf5d312c791f86aed215741af014e354a3e4a64e4,60
0xe6fe14a30631b22d3f78d9ec7869eb62d6e73daa,59
0x13267f77e7241db36f9ee3418dd3069bbc91f2b2,59
0x2ba34c711fbd3ab880f32c87889191a663152400,59
0xc826378ca7822bb2d536df1070a5fd51969c815f,59
0x0703d4d7e2b0fc40da2c8a7ce63211dc95c19249,59
0x0eb50c1343d51d94c888ef188f0d0e2d1b0f2a98,58
0x7a27345da7b4fb58240d1b3b45db1f4af5d4cdc2,58
0xa29df5df170ba1ede1a2b0f7d142bffa59f2aeb4,58
0x09d2f6967f3b4159d67ff7067e50896058519c05,58
0x308a4fa5d38ff273ed2e4618f66bdd864a3dda7e,57
0xc4b64403e00d1cfdb76e67378afc6698f59f3d63,57
0xcf7042e50e88e71dce2b04dff3fff9dcd59610b5,57
0x1b525cd89fdf6142891b67c9ba07ffd754862c3d,56
0xc932be3d9c1b9f24f339607e522f91282ee1a489,56
0xc0589280acc7cf2b9211ea901bd616b298dca287,56
0x6e3bdf8a2a90f7214f7561f6f8405eea5e972eb0,56
0x4fa56ca720efc58c4c727e1d67b2cc41a3c1d504,56
0x9ab57cf9c7b16c334a982d79bb96c96705bea673,55
0x93f5e4c047466d5725d3ec3d2ecefc99c446210b,55
0xc18120b4b22c78ea55f8a7acbd7d7082d3c73a2b,55
0x85d595d1fc6dab1cfe3886a20ab3f48f79faa4af,54
0x9ce1f0e62605e75207131c277bf7fc684264af0a,54
0xadc86dcbcbde3222b7389634a7f21254b4454916,54
0x903fc0d00ab75b25c2f876d1f4242d86d0a19565,54
0x1176aecd6a4c18d15629674aef878658051e2f19,54
0x35bf94c72cd19da0f6875a6ebd6215f2d12ccd59,54
0x561c588da8738f5b7adea46d11926db53fe1192c,53
0x4d6b04dd3c035853d91425529b866d18b070e10f,53
0x0751efcb1bc8b65f6a35cf2fa2318b69e21e3842,53
0xf6926d15fc0ee0113ac4840e7d881d92cf193a7d,53
0xfa6bb838c0cf7f4fe1dceeae81726084c99ef9cb,52
0x76eb7dc81c4b05aea80126affe5dc6fc94152a47,52
0xef59a40849388ba46debfa8f8c578293947e59a2,52
0xb3d3c9e5c55795128c3e077062cb2d890aaf3aaa,52
0x25a446c6cdd3ae7d125832a2768aa403fdfcbe72,52
0xf093baba18a4996596e83977af94003fe71eebfd,52
0x63257d012cef6ae8c1401b1a220942162efddc29,52
0xf98c2cf470f703e9c46d9015bb4b8df17c41faf1,52
0x55fc3e5eb344968bfb5a079628edde58b9e6ef71,51
0x0077d69054da203f631016d55cb2ea997209366a,51
0xe2cbd1cde49829298d50c86e3349686ed8e4ca5a,51
0x3980e4a2700f188c5dc23e9c848188bdb24f764c,51
0xaf4dd02e3e0ff9609faf54320a6ae97bd7683ecf,51
0xec7ee21a8d3ab382d35c3a20dce9292770313675,51
0x0328c8b74fc29943b1c6be6cba3f94119366e9b7,51
0x2c2ed4b3876c442fee80bee76ce0ee2ca2a512af,50
0x944a26839810d50aad3d35c905e41413e08aec9a,50
0xaafaaa327eb819eac6ea6f4a4981eca14f3496d9,50
0xb851eb2f304685c38aa6e536b6603e23fee94019,50
0x12985290764c724284864bf2ed28429c511cea09,50
0xba375d813e26cf0426b39ad2f4f6f90faddf5e4b,50
0x6d0b3db2d2e848631a2e12aea38f6c55099437f2,50
0x6702ff8df61df2555acba8756211c74b9f458367,50
0x82b99f9d88dcfbd1936d08eef8d3d97f246915f7,50
0x3db5eb6aa1d9fe9abaa3a1c64191ae1822d0abe7,50
0x3c15ddff6d259cc4eeec44fabba079c7be0e646a,50
0xc9d1a01ef2e19a72013f4b589b109479c9b63869,49
0x8919b807ffd5718f245a122667b19b9c3af82f12,49
0xc19ccf1d76119b050b352af44655e6d28a4a9f18,49
0x0cabac6f30b66c721435109f017419a2a48ef3f2,49
0xddce4176c4633598604af8ea23fb1cedd0aebc48,48
0xfdffca1246924de90f54f867db89476d011e5ce5,48
0xa5f64fd823ccf6b5729a8c913c67b67d744966e1,48
0x60916b17f8b0b9194baa5eca43b7e1583b99a714,48
0xfcc27b999c8c37fe5a220bc5817cff95f7c51494,48
0x6006fd9ead65d5534fe0cfce96e300ac51194ad5,48
0x90f64e01ffae16490aefe03c8ed7dab6c66198c3,47
0x10ccbe9563a0f359d0d605aadc76d5d486448c12,47
0xc4e0435861b39843f4155ec518dbcfc34725682b,47
0x71aa6c4e87225fcae2df49f977c7fc0d1e8d2112,47
0xd96e00b22ec5a43dbda3fe6ed4b45f9cce861416,47
0x61d0ea212b35721e021f56094603165a92410c19,47
0x0188a061aa8581437b0e16f4aa9a9f3f170676dc,47
0x572830f18f941fe8bc92f2f5264cc974c03e8cd1,47
0xec927f402e0870f4c4e8923db864a3ecc647f1ee,46
0x3cba0f6978b49191d29ceca86a7d90870293f5e4,46
0x41d6f82de64abbfe963a1483e6ae6e0b82f6e4e0,46
0x45cacdea49189c8b2b3ceb8184a2671520b19b00,46
0x2ab73eb51f1f6832083bbf79b34a79c90ffa2aeb,46
0x8032f2015c7c9d14c42a9bc6ed791658fb1571fb,46
0xb13cabc948fce7fed894f6a827823d22f02ffc0b,45
0x277491bf68741e64e84cb32b424a47ee87058417,45
0xe73a2ae34b3ec46332dc9aa3853f5acbd4aeb583,45
0xb327c369750d45fae30b836d36d1692787a255e0,45
0x7beec514cfddf974b70dabed6b51fba15c044376,45
0x8f95801d603842c5c60f74d01f76257dc8d2b446,45
0xa95fb1c36c2220dcc5f3bfcc9676393979c99663,45
0xb6ed0d1b01e577a7e02f9a084e54aafc6ab38d20,45
0x36f9d77959bf4e02bf589b59e77ce71ea9118edc,45
0x7a827fa01ad4985ca7dff695131b28a1600b9130,45
0xf114fd871c18bea315f639266bb43009ec82685b,45
0xffd93569b883e25ee87fa515c77bf4f327d069f0,45
0x5e93802845f7e3e7427630c8d1459f4b0c35d8f1,44
0x5f0879c8e05b966ab102a00b9b3a8dc7a5e4f63a,44
0x317d677f6c08e65ff1a9a139db5ebca40bb4d284,44
0xfb2292dbc5cd18446e58a3a15bfd52ea585a23e6,44
0xc3217e5688f150991e96a7a724645810f7db6246,44
0xec7fb8075a8f06be74c3a02fabb410395341b96c,44
0x72baaabf655e805994fd378f2da960a092a738d3,44
0x830f79bf3a95ab5033a2523b3eee648028b8287e,44
0x2694400554d6305214bc78e5003485d5e8ad6b71,43
0x0b6f0c20ca667cf51bf3090a420d88552296d212,43
0x60454b4ffb76c6d6eb056797942a106258f08ac6,43
0x81093ff97bec7e0a499579ea4492becf3bc35b28,43
0xee2849c5630e034cc13a8ae4fc688953ef36e853,43
0xbd726e8c64a23214bc7a1cdf5e95338a6794175e,43
0x8a9d3812020d70bd487c79f2ce471ccf87e17ad1,43
0x4d42d679cc113ff293f96e1b820209c661ee32e6,43
0xc1a639bc1ac89a348add12f60c07390ca7bf18ae,42
0xa03724c06002dfa56377cf1995ee5e3080e56c0b,42
0xfa46fb8d0a991ac62bd83e1db1fe8aba51ef6dd2,42
0xa458371de94fdcdb9d8719431f936504c0376f0c,42
0x2c360da5f16a325e5685aba922e5bccb399fdbac,42
0x3d97765dc58e8b962d07aae57e443ab3d939a1a0,42
0x8fafdc6c8479af0af7dfad23e9c9982d0ed0c4e3,42
0x9f7ef899becd23360a6f3c96dae9f32b6493b2a2,42
0xb4374bd294601a2b69dc6c0de1243f047ebe6e29,42
0x5c99635956ecf52ea47c39a136baa405acad0b16,42
0xd310e1d9f348f86287f091bf9df1bb6eeb026bec,42
0xb3fecc0909b410b01e3c25e6f131bf31173532e8,42
0xca50378eee9e4069114eaf301d813494ca190bb5,42
0x78aabb059613f68949c7089b62e29e62378d4e88,42
0xd3bedced652c38d8533202b107b53eb772255bf0,42
0x02d014454f81a12df3966518a262ec0e03f596e3,42
0xede7449aea5f8f6a886418b03424d2e60e6c0ec5,42
0x871e527feb155e5ee0c638fa841eb457340bde45,41
0x4161cb28b929e90c284cd280daddfc5cfc76188e,41
0x8b0573d1c80362db589eda39c2e30f5190d7eb51,41
0x6c6547f194057018b3a3eaed919d7039ec37d51d,41
0x65c35921a67dbf8653623ad52284cc33598a834f,41
0x0325b5ba13c5283f2c5262983a64e963f5bdca4e,41
0xb3b4516af85e5d1d49ad1d91b474968c6fedd92a,40
0xfa9812f92a66eab059b2d085ec524d119ca9a090,40
0xac6d26383b7e4135253e3eb194c3cd3b7cc3a106,40
0x5e624a7ad13b5c01d547b1a95a386d1f6147bf56,40
0x5dead1f49f17a4463956a5b6aabd6d96a900337d,40
0x711e32d8f305ee4bbcaa8b1d364a817c9f522ed2,40
0xf8fd5f9a10fb8bbe75726a082de412d43df564ad,40
0x15ea1b7c5402126435b2b02fc1ab6c556998b004,40
0x0166e075983adaf7944c5825c353c4d466666666,40
0x70afda0f11e23557e194f1951ccc97cda37bf992,39
0xcf5f7e67b92ce18c75551b19383527b271470f30,39
0x27308153189bdc43929b9068165dc673808f4638,39
0x881be767290369e19080b8b24067b28e1956fa84,39
0xd281db6d9eeb1dad508c794057fd0621af88967b,39
0x8476c79a87049fcb01c285caa7f2982dcc4182ef,39
0x74ec2199ebe7dc1b3de133004aa76d49c98a5d35,39
0x489a0f8be88d6025c88ce431636e7df60518df68,39
0x320562f05baeeed8aa76a0110008bf0c8c156a8f,38
0xabd4d2b15ed7c40a2a37a5c4eb4d204ba6f208dd,38
0x3b9ad17731eed88e4908ff6924cdac99b3bec29e,38
0x205c8ece5801b47987f2f7c2cdea280606f12088,38
0x7f95574b966456d1d0841d13c1d1f1eee3592185,38
0xed9a750995a84ba18a4a6a319862c4202d428fea,38
0xb31999ca48bd9efc065eb3e2676badd21dfa17b6,38
0xd501ae1812e3008ec5a6459f40171415a535bc8f,38
0x137e457d2d102f425e98308e6a67ceac291b2f14,38
0x4393f261eede0a2bb7fe3758dd11cc70fc417d7a,38
0x3ba98fd4f0ffa39d886b98f557b5818f59740549,38
0x30f84f0aa9cad152d1852a8767b3e7ad63e056e1,37
0xbf5024def0d91e8849cd9edc95bc84f0dca37759,37
0x993946f3a68f7783979081384c83c89739314a62,37
0xd0f1954c23d28c253d429552becdf5df52e003bc,37
0x9749c95a67af4799b10af1f01874f7583e49711c,37
0x62a150be7b5ee84298745e24fa37c87c73c97a38,37
0x8bee4f0d95283a80206ee69a4321888f2c2fb693,37
0x2e77ae5c7d0f9102917b18f9e0a46db1943d9c87,37
0x954021052072c6b6d8e1feb5fa2c093cba72a344,37
0x3b39c1e0c278457e0e27704b6b8f4a554f2e2bcf,37
0x01daf0e44a0f7f5a0e9201771f94fdd476ea1ab3,36
0xa3df61dc71047912e2134222970884672117fe2a,36
0x7ea0b39f9f84f5ca1d978a1fc57bca9eaae3dbdb,36
0xe89b01e78a8a71ef3b31cda95f2aa93464f79cdd,36
0x23c4853f805edce331197a2809fe7f660a7464da,36
0x015cbf965f50e6347577c47e7bacc664052ce751,36
0x6d8feb6952318c7d797b107e2741ce13114ff9ff,36
0x98d8ebbf0e389e4fdf20849d3f6788cc6f06e4ee,36
0x15fe8337a6e23629fa09dc6e0f8b041d681ec995,36
0xa6f75b3ee93c634c65ff7db86f0263d2dbd54a27,36
0x7b7897609bbaab6e747b4d7cb74141e8406065a2,36
0x346afef7e81b04aa74900a9c760994fddc256ce5,36
0xc480ef8186c4dc013d2c303b77e7fc24a546f268,36
0x194f0fe6d4dfbf198868b1b507cd74122fbfebcc,35
0xd3f110c60519b882e0ee59e461eee9e05ed2b40d,35
0x4ce68dafec8a0db4943b76f02d6d2b7efb959f60,35
0xd2e48ba114527126ef20a5b21282ed3aed7c220a,35
0xd7aaad8ddbd9e8ac3b25839471d4a95086553858,35
0xe7b15909675cd20a528cdc271e425b9923434f61,35
0xef7c04d18f7bba4966f0bd5d24dfb79539e67d2a,35
0xdbcc6698d4686ee3fba49c2245072460594efe6e,35
0x56b145cc7aeb7b123b8f40df2d51d6feb2a27a26,35
0x35a4c2bc98230d07c94de4961a646b8dafb6eb80,35
0xe6efaec81d8000eb18989abafcdd92cd5f481971,35
0xc3e4b7f9970104bf8b9761d5577f6b85557422f9,35
0x31163b47b57af55f4d4c40e3fe7d2585687a6d50,35
0xb9950696e4ee05ea2030c3ebcea9a4a8f276f746,34
0xc55a1a77e70ddd911ea6f01abaf1884da31b608b,34
0x5931ea7a3084de0ee29667d7d7008458823a9c4c,34
0x250d6544d18e43fa807333eb0a747a62f5b25aa0,34
0x19900bbabaf285d03487a3e5185548ca9f620a21,34
0x73ac6018b36368125a26054bf27d73a93140e213,34
0x789c624dc1119293998335ff8dc695a0f9e73fe3,34
0xceafa40265dffefa1d2a10fb69a58f2d74973428,34
0xd8ac01e7c0c32eb7c5d565dad357f5b0fa29bbe6,34
0x561ea17ae80fa5dc46a4e2c831263482c0949591,34
0x7ea38fbd20e4eb9770c91db5c498b7d3f1500718,34
0x6fa93df7ef49fca5d5fbfa46a425368f87beb561,34
0xc0c3125e6c69e0eae82ddd8a502785754bfa6b34,34
0x5a9404c472f2fab1b0d36a634d8c7834ae1d129a,34
0xe7a1cdac92459adb0907518a85d5cb9dd7665889,34
0x97b5facb73bac72888acc59b9d5c36a62a5a26d9,33
0xb8692efaae0193fb9dfaf6d0fc26e98fca60df98,33
0xe7bff6a0aade4538c3956187a1c816881f0b9eef,33
0xe4aff6239ba4d2ed2ba4d2de765d3cb45f375a00,33
0x7e8ad48336b02e1037702bbac6e541ddf0d9e56e,33
0x9898a234c33167b6c24dce114fba6e4c6042ccd1,33
0xa2758a2491328cc662701948e3345dcb42c56ea4,33
0xb71b291c9d3c4c2a3d8d84dee4a1982d3967b924,33
0xaf4660bc591a8dd11eb3f025c6cc838be25d550b,33
0xf5f63328329b276e3cbf6307f11c77598e55990d,33
0x4039c424b581a3c6a746baf536c25038379f7b9d,33
0x9b840be5a31dc90194fd2c1bdfdbe2170a264f09,33
0x2905fcb9f10dce6b96350c3aa8f9dd4eba51a062,33
0x97d9aeade7a1e2e9be6fcd85450f9dce9d08fdcf,33
0xae33e6d251d8669e512d071482cbb8a9ca50a25a,33
0xf133f0819826546d7bb2e506980f9dfddd3126c6,33
0xabedc5335da36ffc7a2f239d2ce5facd8ceefcd4,32
0x1242641c452ada7d029be04186600db871969755,32
0x9af7b1095292279d8b6ae8a8c75eaad44ee2890d,32
0xa567e497a1f13ca67b45dcfbbeb9d25078e1ba3f,32
0x1157e6cccb2d942cb0c7ae135fd2e9fc0c6c8195,32
0x0ef44783bb082453414f775a009ea3c108055227,32
0x5a8064f8249d079f02bfb688f4aa86b6b2c65359,31
0xf52e3f7625b56a59f6caa0aead91a1646c983be8,31
0x70812b362b8cdd7887123f8e61e53ebc7882ff9a,31
0x0a9dbe519cb13672193afa6516acc4239e5ab623,31
0xbac5cc9059d3c2cca27c319d9054d78958900821,31
0xf997e467d43f78f995d1841cb50ab6e6b0a8a13f,31
0xc261c472a5fea6f1002da278d55d2d4463f000ef,31
0x198559fadf0552b2cf2950c237c919aa48089a03,31
0x73d94cda62fbe0d7c016e96a330d2052fd9c6e2c,31
0x80124630c792ae102f72c09914010554873fd7b9,31
0x86af6e8b92221c37c2da388df1f175d94047bdb3,31
0x748c3f5dae53b938dfaa8a133b0ceed8878839a1,31
0x18468223eaac29cae2c3edef1be4cf7a1fea632c,30
0x33631426077c380edb2fee05effae4e8f481b648,30
0x3f55197fd980c0da9d59c01a4d3de90a1c5d7ad1,30
0x00aa85fe54fc51f47039f3045d632dd0cd8f5660,30
0x614ef48f3db5544a33c148921352ccb32ff480df,30
0x08e766e1f7b07bbeb09cfc33b48153a818295ce9,30
0x95cff92d71f55b69bdcb41fd33f3c6a323debccc,30
0x38745e1176ca9a141929ff67093c7f8ec77e6e73,30
0x3527a1eb3960e83a8598c742acb4b6458cd21ba9,30
0x34d744566228b1266a7dbc5bacf4e4ebadc580f9,30
0x829a43ec6f297b67d86385b983dae104e500f20e,30
0x375deee2ff22e6292579d5101ddca45d91860749,30
0xee6fb338e75c43cc9153ff86600700459e9871da,30
0xb2f53bfd0845878e690cf7793867c2bd2029d34e,30
0x4db3458fdbad3c11b1792bf4e9d5f55fb47a4440,30
0x19b579838fe100947f3c23ead095b752d10acb56,30
0x87a956a135c2980b59b85fff1b6267d544595b25,30
0x76127d3670e070182739d28c289f7071077aa3ad,30
0x86f2a46c359c78891e73eefef03e465a21efe8bc,30
0xe11da9560b51f8918295edc5ab9c0a90e9ada20b,29
0x838d15176a60f907fb505650af1da99786c07d95,29
0x702dc57b18a5067c400f0adfb9243609585af740,29
0x544bb9000af946ec304a154a4ac1663bac3dbe23,29
0x19363f5473ee1cf0bc1a647e94606b0b3e37ca2c,29
0xfbbe05954c6b138999548171c272a1b109d89471,29
0xfdab5fb8356a9b0da6bd28247989538415f74326,29
0x9f0631bf2ea1ee9dda7dd5bcf2fed2c466c27e0c,29
0xc87ca6ed6bef6e3ac1693c50befa354beec7f046,29
0xf0b76b36970eb090fb60e5eb97e8660bde0b6e18,29
0xccf66b8fa60032aab757778b538dfad2619b03d3,29
0x9c51532ef51ab720514b5acaf97fe6c600fbfb54,29
0x80daec5719621fde706700d7851e57e200f51a68,29
0x97ec93e5703099593efb87cc80cd79f6d1e832a6,28
0x00b14e07f646f6a5650feb85a7b063b74301f564,28
0x54dcba236270e7df0b8b2dfa3439cfc664cbdd67,28
0x41d697666fae34006e540e1d8365f2ed2e192e2c,28
0x909032a186fbcf3e8c90f1c1d772e8e64c29c986,28
0x80dda80819fa9f013941055505eaf055a5ec2ff6,28
0x585c3b04507b36c34bf1611194bfdc1acdc2feff,28
0x38ec4b72b8f7b643116b6b712461b916e6fb1e74,28
0x6d8349c856c6205097240821a75174f8e8c47eb9,28
0x31992b19c40f2e472da5d39b167dc6fe952d3777,28
0x2f80f930af7ae24905e1dfc153d11d3ab0b0be5a,28
0xf13ca6890e06f40711139c8bdae7ed7799fbc6d4,28
0x230db2a7e3696945895163b3ba2c0b4641bcb0a7,28
0x76951f6e84213f189fee1524d382b312dfd85ebc,28
0x5c04cee211be5d230201b75d910a73903d45e477,28
0x9a2e2d6f4aa2614f28d63a31008c23e6e6089a8c,28
0x59d01235162d780ef03f3a2f35544e8ea714c63c,27
0xbcf0c10c0e3276967ef10ddd6aa61bd457e9abba,27
0x6fe7f3bc9a5f94a0a4bb3513ce23c8a2a17fc367,27
0x272ab0e916dc50dfc37f5dafb1af9e52f0e8d9f4,27
0xa39c50bf86e15391180240938f469a7bf4fdae9a,27
0xfbe93f2eafaef64d26dac26dbdb07d5b0f7bed35,27
0x81e0b8cc66bad8db613e5aa77cc7225c03d0e8eb,27
0xdde27341adebe8bb0d40e7800882177e89f9cfaa,27
0x88e27c31f93090fa1d433defe6897709027df91f,27
0xc400a7bba639e486ca88300e8cc33583e983a1f9,27
0xb53e94445fe5f773d9cd9d5571776eb083eed5cd,27
0xd515a592d9028e4953942a97079d4543d5eaa5d2,27
0x41c948937217b7a271e239c6f707b7f4b4b13683,27
0x2a0e4ef6c7693ad911ee2d3a289f2707296f633b,27
0x2fe12b1558af79b2122be84e079dcc0145cd18f7,27
0x29ac25d705966859a33e7957d8c56c2c6736ac0e,27
0x1f8c5147ac0ed687d002aafab2f7be5008d06bc5,27
0x8ac2ec2a4e3eac2b6a53b8426a1451b26b07baf2,27
0x82109749a9c93dda4020b5e7230b874d5267be02,27
0xb32e0b5f762445398463758c827b15f38739df63,26
0xd03da21fb293e47744792bf00d1957d2c5ee36b2,26
0x36b459f4c9882d4c14d889b59fab281d6871a7af,26
0xb48da07cde1d4b92ff826e92636e6abe3f01e9db,26
0xbf82fcb961ca3ad54628230373905caac9fc5280,26
0x99cc2f1c2dccf0bb8eeb3443ab6a21aa36f2101e,26
0xc12440419b3cc9e69ed9b919f76af95a42d0c4b2,26
0x8bb44baaa350e71502e09c80bab0b1390fb4987d,26
0xcbf393cea2a10242eb0cc7ea0c72b3ef82caaede,26
0x0f3497bb91c079830cc405b2ad5241c80c5e9b94,26
0x8d803379dcb45b1ccd056da85b0cc11796690d58,26
0x0a1ccc5aab66b90c6a71671df5b673d3e4a34d2d,26
0x733601f25743f5562497077d56b5921b927b2a65,26
0x049ad677398837d39a4f8a8ab7cc307e6dc71985,26
0xbe1cd5be2869e43380224c234f6e0a224ad1ec0c,26
0x60b7ced7edd929a8fc9a1211aad34b6020311dff,26
0x30d571bac582857c9466d9866dbd879f2d6bf41b,26
0x9c512f927e1ecdd8851dc846da79e0668b5b58b3,26
0x22f176e8db626d57052718aff938ac6c33687274,26
0xaae24fb18c49bc4034eeb2081b160be1c40af425,26
0x859256df682a8412a393b07bb7c516222dd0627c,26
0xd71a41ec000089ae99873afb4d15cc7d54dd95bc,26
0x6db1c3aa0291836ad47b80897e91e742c69a1456,25
0xf8a189da251aa4f664bef833f44afb9bdd5cde1f,25
0xeb90d706f04fbad5fefe8891045eecbb2dd783c6,25
0x758fbd802be44729c85cc8a9597abf85060dc577,25
0x6bf5c589ec244a5a65aa42e72650196cc782e52a,25
0x408417da2a8f2215fb59d87068ce9f8397dc4ab2,25
0xc81476ae9f2748725a36b326a1831200ed4f3ecf,25
0x28677e4ec135424405d57f09bd61f9c2f2a261ad,25
0xf3c587a90de0ad18e2a81fe1f5d4a61b766b721b,24
0x8cbed6b39438576ce258a3d52e0a0a960069133a,24
0x611b31260536d17abb976b3b5503bd9ff598ca17,24
0x7f1a6d1c6d065b1f4c8ab0279c6d665b8dbf3995,24
0x167ade962cb60346d2525e6a724b3c8e52e73c34,24
0x48f5c107b09cbbcaf29ecf43212c62ee1e39c9c5,24
0x4f6726be7f190de96e469db2178a8f650b0089c2,24
0xf53151067f234f9f66474089b2e0de025a5d55d7,24
0xb3589bbd2781aad79cc2727fd5abb762b522a7a2,24
0xc2d914e47c2642d5e248d580bd0a3865b9f07d61,24
0x31c9f8fdad8e5dc0df58c1bc1b9d614c619acf33,24
0x08267cb203b4cf1066a81b0f218dddd8f0e33e1e,24
0xe8a13a276399ec237d8e2eee8ecba1cb9e9ac990,24
0xb776fd4b00939037d27a0ce20ffcb2813c38fd1d,24
0xd1f80ce95b6830f93d418ea2639d5d2795fd2664,23
0xea3c2f9460d6c8bc5d4fcd76626d423505a04dc8,23
0x6d566267854cb2ac64e2c91f297825b7324aac88,23
0x372784dba37e314fecbad1b9877d1f749801d448,23
0x6420d18780f10f75134d2a744c669d6dcfd025de,23
0x8341dadb1dfcf4a77501a0421b3aeb85a3ceff82,23
0xe84fe887506c1513ade658c0409caf71c610d69c,23
0xdd32837b9e8a23e2e39e1d9dddfb5af18490f884,23
0xdf843b6916e190d186defd6dd04c02d039212dfe,23
0x60fb4b046b07ce529fb93598286339873d26dd0c,23
0x32548949f2ddc32c8d4f1fa8a957db28f962af74,23
0xaf078412a621f552d7609f021b48b7eaee059e0f,23
0xd9513f72c01d01a9f4b84fb5ac5360c0091b0853,23
0x864229727cabd5c5aa70e39d598dc647a4165253,23
0xfa62b5e1308ba65f4934c644a8326603dc1fa80c,23
0xd549023b072d6316b9587d2ca560f543c424da3d,23
0xadc0a789f09f3a936b370df8a1880527ad86222f,23
0x6f6903dc86974f25c6d135387ac9de338cabf2b5,23
0x5aa9efed6ac844911ecdad038cbee32e1d4d79bc,23
0x31e76a0bd97df363d6b671bf8f885657bde3657f,22
0x21621738a16a673065056e3c930257392a9d8b96,22
0x4072ce63105df22a1dc17b2c58c9962ae50b9d5a,22
0x2672874f8da0a8c723459713c50adbfea4045a4f,22
0x4fcce0ce9d0a84d68a44c4385438cf2a17b49415,22
0xd41b6703df66089870d7bd8342f558e5fc2e6dc2,22
0xb5b15f3607e72b28cea6d043b7b28f7785261de1,22
0xdcf5bf70535f3680a5ad5e16ee485153546e1ea0,22
0xbbc17f7bb23f130ab8c430d50172178cb639fe58,22
0xe76091f84ddf27f9e773ca8bd2090830943f615c,22
0x49074bafcb5036fd9904d0acfdd54885caffe699,22
0x3e7ddaec7fd6a8a266172031eee8d5bf7e62a5e4,22
0x23ae5cc4da8abd5d49cb30316b757eeadc2ecc0f,22
0xde4da8bea3051e0dd1462007ccf6198433190095,21
0xb5f184a2773e4cd138d385b7a4650126a858c7ad,21
0x1464f6dcefc32353537a0d4c78422cbf5bb88fac,21
0x93f5ecc138311f29f0ecd54a46a2b6b42ffa6330,21
0xa64c3a1949d743fd08092489d880f3b9cfb76c1c,21
0x4bb0b2961fa82159bafb4bab19a986af75f0e41c,21
0x3816f4af284e2574262475aa11a4ca7ddbc3826c,21
0x3d0a9aba6604663369ce736cb4a5f21eaf7faa31,21
0xa20c07f94a127fd76e61fbea1019cce759225002,21
0x61593d5976015f7960c6b331f23bd5ddbb8cf163,21
0xb2ed82619c946023825ed937d2ddce5b783f14f0,20
0xa731706382a31f047960d058ee1b8c2019b3779d,20
0x6cc9db0196fe04c37e95164a2ed5e011c2508165,20
0xb91b656ed6d410648895b19dec5bbd3743938096,20
0x27018caa7ac03db78377c742921a6a29fec63e65,20
0x6320f22406d0aab7a8e3bd4bda847ffff7508b84,20
0x64ddfed821cf000811060c04b5741f8a77ac30d1,20
0xce4f33710d7fea62a426ca1811373e6c2317c42e,20
0x1b5379aa858417d7982e17c2992c2188fbf9243b,20
0xf0edd65b6191f644c70a68cb173f18d56d50029d,20
0x085c1bf97ce01758f3e92661e6776b8f5cdf8220,20
0x5a6e40b29bf20e4f60e7becb571af5ad5796a3c4,20
0xe8a08a2e601e2cfc2b70fabf823405230da87353,19
0x9f226268adec647cde21e1caf16cbfaa8144ed7f,19
0xfa463f7606315319098b11a9567102421c432001,19
0x492e123db2b2109607d5637f326c3b8071741b8a,19
0xd15e7ab216addb92bd95d96cb5d0f3f43719c679,19
0xcfdae853cd3ce9028c5fdc36e4a42719b377fca3,19
0xabf1ff91cecd9990b3f29363b62b87fd76f55f4a,19
0xb4d0f8ea4ee16f7fa91655dada6b11352563f8ba,19
0xa1fc2ce9b6ede160e6b60d1ad3a19ba55955ad8b,19
0x48caade36c64a1e91715328b1cdebee3057c360c,19
0x3125b4850a23c004a3d70bfc80ed449de2060f0b,19
0xb2920ed58d15749e1d077c8e20bc00a0f951f456,19
0xdb27d37572ea22a7c2b82d15101d6cabdb0b6f74,19
0xd15bf2e75e8773b1a25a0444e28ae9bf4a3e2ac4,19
0x8d80d11068664fc3fa71fea27d540d8f3122cb93,18
0x8f36085e03f089f3ab3e563bd5b61189fc3a81a1,18
0xc93e979c7ea358cd3c26100eb14f3c13f57a2f88,18
0x885e4e895c3ea85ff99e6d9b0d2249f4708d9bc4,18
0x2f68a3bab7172b3d1b5b23e71d44e220665953d7,18
0x0daae9d1dfb405e5fe3268e02a18c4e877d2c1f7,18
0x4dec0401207a64d1a93f2614f2d9abbefe15de8f,18
0x96422bf7946982f45cefe7b9211f9096f7005a49,18
0x89629098f8aa338ef793026ab05e2402110c9aef,18
0x3fd668561cdba0b33630df1c167dc4934db775d5,18
0xbc3607e3a4f58a6c36a2905dfb9fc33be60366e7,18
0xf81d3a15ca9237490b1c2ddd0f085b93a26ed15f,18
0xef11ff64b7cb7621a99ffee16fce1227fa5dc7ba,18
0x130876dd70130b3358f1f1336e552536045746bf,18
0x61aa1430138824abd0c1f0878a3da2ba18071e8c,18
0x3c31981c79050b352e896f88425910b58ebb8324,18
0x656c793b7f6614e64b0b06dde383ab7053c8c43a,18
0x6bab2beb57d72015810e94c9488a469b44b3f22c,18
0x5b3b153a7a63417db8a7970dfc662c45ee0a9fdd,17
0xd72124560079bdc2a324ca3505aeefdf61f51732,17
0x1d633ebe68deb8ad94033364a25f3a71778f4127,17
0x6e6e0802a580d51de83310b3eb0cf814552f7f77,17
0x5654b3c82516d5dc3ef165657cb813926d9c3280,17
0x423591719a6167b589ab7580b810fdf49d765b5d,17
0xc24cb1e7584e359ab13378e1874074d5c4eccf19,17
0x6c3b66c070cabd12bb625a4f61e7336d58692705,17
0xcb1605ed17f6145db16e26e1d8adfe8f4b175377,17
0x0042e7b8a10705b9180acda98426b2d03706f836,17
0x8fa8ab394ec6434977feb7253c3f5f546a0a8b9b,17
0x5db7a7883bed8be7f2cebe9ab1110e86d502aff7,17
0x4831ac9428351a5c5227425a03a0c93d00db5943,17
0x920e1df91fb83c3a6591a81d0a34d26eac5a999a,16
0x9ae881c3b0c8a4a56d3cb48ba92410e52f9e5504,16
0x419329207ede3abec05147073c071585ebab9240,16
0x605af7940f47b813ce4b6bd76ae44607a84f452a,16
0xa93f6a80be3c27da295e129aafc51665da50a0fc,16
0x62cdae705522af5ccc6c21c5aa5a84ee24b430a0,16
0xde7b08a4e6f8987e79e70197b751b94c5e23f1dc,16
0x08f8070f1a17791dcfda507d2e1a47bd78b6cdc6,16
0xb48333443675b91e9af47a64ec6d0739c990ec83,16
0x39704fdc391854e43cbbbf4f0e225e92ff712f93,16
0x3f6a388401e6a86b6ee84c9c3fe5291440d388b6,16
0x184371eee8604dfde74bab00e085927e13ff3874,16
0xd58aefd8b29578b22c0b5f658dc05d40045c6838,16
0x70f7a02de2310df13b5948068556065625a447d8,16
0x0b737c0516f0d9e67ccd728b59cc7a2945dd6e51,16
0xd52ad9347024276f8b1fb18b6f3016b1a293798e,16
0x37982327e68ea62cca9e1fb7d88fce2790ac601d,16
0xb9ce94e169687bc278200e83fe873f45b094c824,16
0x6bd67d8850f68f8ead7921f97610158aeb6e16eb,16
0x76815b9f470902e5785862eb9c37c3402fbffbd1,16
0x00266a6c10c6b13529c1593b2152cc437f1cbd51,16
0x819f1dbee53c25301b9bce8d6c36e39a55337f88,16
0x70561f5f8d02de290f6e0ed98defde9478f93275,16
0x39b3b7e370394b664a37e8c59c33f2662986d5d4,15
0xf8da926b6f798a3b264328c35dd68023de78c859,15
0xfd59e1eedd41b8c91b0a305db61e43a599aa4b55,15
0x79fb29852d012e00ebab0e253400ddb189475ea2,15
0xd07cf4e9f232c9b7745348b169af5ac834644892,15
0x80ac7d7b69be0e681be9e8a36ce1dd95c181406a,15
0xa72386626036e742577e54e68680604f82de5812,15
0x892f4311f028be8a58ad5a5e6159155867816647,15
0x02f245de67ee86e10b5f9b5a00f612a7947d8f3d,15
0x0ee7c9ca9a5c553bbb65a12c73cf4b5da39b609d,15
0xe2226e8a26d2858d4d45e80b59af9a2bd53116cc,15
0xf29a79c7b789332a447a637de580046592e3acf7,15
0x9b7c896e2fc7cb1a1aed914a3d5dc6356fce96ec,15
0x274bf5326ee299b80509b8f87e55bcd314a22e0c,15
0x6a3790c297bb034ba4455365675fa8c1ad53eedf,15
0x0f668c92801d04203738cd0a7c5ee2a9f742f670,15
0xbf1e68eb3f280c85ec42d95783bb940c8557a419,14
0x104e4a576416c8f110fce9d1d71a4a28a9c4a285,14
0xd95ed0f9bd990a24414da60790d03a581246c24f,14
0xbcd2c6bc1e19d1a2b71563027ef6d219c6cc6fbd,14
0x0b01f8c40a98706d06adbdf334c47838f8b55256,14
0xc366422dc9bd483e641adf42131bdfd5daec8534,14
0x15decd8283edad537a85d4191efe5d50e16dfea8,14
0xdbd85d3373ce7c3954bddee710ed1a682b064b07,14
0x880abafe460360268b18a205c2872829ed3527e0,14
0xe9f46e0901a44097ab9f493c253d67df382bde9e,14
0xe71fb70acb0195aa5ef969588fb0109acd9ef15b,14
0xba3a73bf292dec4043a8946c8b5263f8c9f55286,14
0xbc792b368e4f4d823dfabc3573ed33e7e84aa074,14
0xf592e2db6728971242d6c698fa9a470655871c81,14
0xc7af3398b34f9173b4fa3afbe92b244869419a76,14
0xec2f96f3ea6d7c5fc30fad378a7f06b30f668d90,14
0x29b66dcb7f4b00fa3756aa6db290c041bdde0fc7,14
0x8db5d7d3b8d2fa0efa6f2c5a1a91e49fb53ad37c,14
0xb1e079854268985431935ce53aa54c8e1722fa0d,14
0xfeced63546cbcac982226f6fd8ebf70d488dcf35,14
0x75c5c303d102626b5add4563aa621881f411f54a,14
0x3856e8dcf07d9c11c45de156b7d56edeb2e400f4,14
0x769d498e8e1bff20924826d7b12946ba31cd977e,14
0x52486c4cf49718df966d5d946cc1a82451dce68d,14
0xfaf64fa8bac82409b7f19a860ffd0b6539b08b63,14
0x7c590b2243e99103de1cf1acc89d0a3f403bd677,13
0x4c4d50dd458769fbf6014b20ebe690a8c055d16f,13
0x2d8888dcaf2e490c72c5bec3a22a237cd79fc0fc,13
0xb295f18db361969275ae01cf3810d399fa225939,13
0x3720e15ab36f9af7e6ea3c5bac39541fa701b7fb,13
0x826119962b922edd2a0b5a5f4d0d7e9392b63761,13
0xb3bc915deda38b5f6f5551d7f5b11e1e6e4af52f,13
0x3e8e1cdbe2577c84e89120d97b8d551a84b68cbf,13
0x22bc07fb2ece72ad92b2cf15e91a0251e90ff245,13
0xbc6d77aa4fc4407897bac23d78dd4bdc1d5f8676,13
0xee73b7891d1a070f485d249adc56643d1e75c34c,13
0xeec0efa48234b92388989b3c7f74dd2401594b7b,13
0xe6e4d92009406d08851c2e65ce6dd324ad76a87e,13
0xcd9a635e5830fe68464bbf91253910b97b2fbbdf,13
0x96f8b4ab8a02abdc4218ed85f9cc9aedabfae278,13
0x92e51066b0b245e24c531a829e5cb5386202b5e1,13
0x5c5c6474d4a35b06bae23bcc42ac74f47cd9ac59,13
0xa9475b19d5236eb408482bf92a3718cea12d4c66,13
0x41de8ac571734c4cd433ec3a823dfe7646580fdf,13
0x21f0dfdf3534e87b4af29cf740deae7205955409,13
0x896cad7806db533b7b57cf64b63ac3280aad86ad,13
0xd5414f1c6ebe24696827f8d1d3876a28385aa692,13
0x6560860894155865ec3e150e3b5710aef4fd8965,13
0xb8097eb6344225d3d160202058640fd0e6f018d5,13
0xc5990873c381558c8bb3e81affc9a54ade88c535,13
0x21eb1b2659447c9605791ddd2f3c8e9562a1321b,12
0xc52a7517c0289b636e47af6a03b4db1500861b1d,12
0x612c45551195f15bf05d722b9f137c914b077fc7,12
0x94d1632bf84f3935585dc91f87e7d9a697b8cf94,12
0x2fef606035b5e14f0d11f01aeb217d716107f47c,12
0x2431afd252f3599e27dde47551face45971f045f,12
0xe595b2ab4bc14ecba7c0575fde5ed28a35361586,12
0x769e5a83a39750a654645028ee5afd73cebe4d36,12
0xd870b3fcd2ca9d1d374a6f95a31d6612f58d6251,12
0xb1f7d890b786e73a01ad4cce1693f1db3d3c9a99,12
0x026514e83e2baa6f13fe897994d762499c971e4a,12
0x084facb0f9583239224de09df414fd2c7e8d095f,12
0xc387339879190ec6bb5dd0ceae32f9e1d2ed386d,12
0x820bd6210a83bc14fa17ad1030a468bafea33b08,12
0x88cf2b8834cbed9d888d76feb8ae7bbb7a135217,12
0xf034d2dc3f0586f3bf92d224d2a7c4b551337dc5,12
0xcfa10eb34cae908e6342caff77328681f3a6404c,12
0xc978a70f75c1d7a59562355fec0c8584c59b36ff,12
0x7ff0373f706e07ee326d538f6a6b2cf8f7397e77,12
0xa12a635362203c561845f1090bff55db0b980aa7,11
0x9d7639f426b15ddbbd2282df1e01b58be0d9e31f,11
0x67cc642f32d724724765dbc40472a3d520b9e02a,11
0xbfef8866db2e9298a90d72c6baf9d7f2bd835930,11
0xe84af7919a5a9680265bf6267bd57bd8632c5fd2,11
0xfe361a1d0f58d01f59c555410bb2eb6c419d77e6,11
0x13edbf96b8b8551ba1c62077dcb0303bdf4eda41,11
0x7c24d80f5364743520be4a5d02e93081ee70824c,11
0x1a3fa518e361426fa2f8194db222261c398f6804,11
0x39ee12cad5c3458015392906d2eb3f901832448b,11
0x6e11775f9a23f93b0f16670b7c728502060d6d06,11
0x8aa33219e2ee9ef6e9beb5b6b2e65388d24a8a50,11
0x012c6934d9e8e1422a48af53948754b58f373169,11
0xbde1b08071421aab08bbb3133097a589891c25f5,11
0x2351ca60e09a078ddfdc3ad4d00ae825ee81c113,11
0xabac13f7390e85f8f6694153a389d5d435858035,11
0xb7973c6d5209b1bf5c198789830b67d5fe340dad,11
0x8d021085fd23bfd2a8ccca617a9945ace68262b3,11
0x3ba4735358b72c08cd01fc1d9fa1c6f2c75e9e8a,11
0xcc6fdaa7d3817d91781196e30773007d2122683c,11
0x315192c53425db35fde0017bcfdae3595d659ab0,11
0x83742faddde0b5b2b307ac46f24a1c118d332549,11
0x60bf43108309a39bc3df0d6c9294a18753bf1cae,11
0x0cd05018932688ca4ae65f4d3a6223d506cf3793,11
0xdf5c29dc7466906f30396e105e33787b81f59bd1,11
0xa025cdf80b2474762987cbd727c70539b252918b,11
0x9993453a9a9328df565f86b93e9330e21d7b5f80,10
0x05356a57a81700aff9df661a08755ece3ca1678d,10
0x9888eddf5cc6c5bda466a994f0ebd8efb5ee90d1,10
0x66e72223e8b1973b38d63fc1295ad47ba7a3e24d,10
0x2d080e9911ffb8aadfaa8fea9068003dc0a8bc5e,10
0x49b496a7729ffed1502b0e2d3573c7e87a60cf9c,10
0x063761b4fdea48679e8ef3a31a56bb8a1013102c,10
0x56868e255834782581677b195eb79573fe62fd87,10
0x9fc8fc7f16e68afe0e2f7a95f7c238ef2b5441d4,10
0x2be56150f9ce242c6dd6a6adc44dcbff28f4b402,10
0xfad4e051f69039b150b1071e5e39e2dd41463ef0,10
0xb6c52d7b416c6bca39fa9c869cc82742cc43200e,10
0x2e8c4204cde4c78917d0313a75eff65d0262ad46,10
0x2b7e0779e53669ea5974ecffd1241ef0be5acafe,10
0xa6e5638128b4d14547feab9b3a5a42732aa068fa,10
0x09b7e0770e781fbbf2c24618f18236311798e77c,10
0xa83c795b25b2e7a8cb1f2a8db1b75afcba6d88c8,10
0xa0b795f765a92cc690bb99ccff5d42556ac77573,10
0x651e0f50bf70ff2524ee1fc2aeb85dc2ab46a020,10
0x9854716bb75963c53c4f8cca97b74b94db848a71,10
0xae7ca184013cf3bcb4e642b911cdaaa6b9a1cc64,10
0xd50d8df8f5ad747899b8b23fa0dc1c166c82de12,10
0x5267f3a1536cc98ad02aa5c041e2ae3fd7778df8,10
0x44ca29633fff332c57676a66c70f60dd183e9cf2,10
0xf777a4ba5021f3ab5fe1f623d4051e556a246f72,10
0x8b9911754017b483711e0c17f2f2e62fd662024b,10
0xf14bafa607955ee6adb94dbd4e75d4c3e144387e,10
0xde0a989c715c594eadc98a1b97a9aa65d3cecb48,10
0xc0b627877a87c86a14f3b6371b7756262d68375b,10
0xaefd96038fb15a63351d02be465fe3f7f5e66bf1,10
0xcdc2aa5346bae97ad17c3325cbeef721441bd0ac,10
0x3aba7f1a35eed304c53afa44912c3af06b01092e,9
0x587c501dc57cb66ec7afccf220dda7340159a403,9
0x279114e9f61e9fffdf788ce1ad0c70bedec04920,9
0x084817b077261e22670b879202923fc69133eb45,9
0xc89ce9f096ddb405359b22a4863a08e8828e88d7,9
0xd841d14773a2e79629615929f3150875e94a80dc,9
0x4770503a21d6918e93c20a2241a71dca87564e45,9
0x190b72c4fd05410dfeb0c294a40779e3c7396a50,9
0xe63626a631a01319cfc60a44e9d17d708f231f40,9
0x6c2ec8e1266097627a88905ead14d103f3c70bdb,9
0x86276019e89251ecb61a204ad39b9f73358c7aef,9
0x7f72b6d6d9116b20e5b40a641485559c4766b6d7,9
0x42b39336cbf5ed82bda1fb421bcc206e812558b3,9
0x072f8fd27b97cca4e6aa26dda2eb2636cdc54fda,9
0xd5b90c9f6b8eb407295997e58d62f562691207cb,9
0x79d9aec05aa10f522849e8306a504b41356a7863,9
0x3bf6633734a9ee17b6e47d1f3a0536db4dd85130,9
0x13442e04c5ac2737d1ce45c8eed6436f3be9e9be,9
0xd168022048eb6b7c0ddaf2250a7f09f7eecc0ffb,9
0xdc6a35d193cd055a195bfe12363561de82de6533,9
0x59292c1726ab4819f33dc2db4d1c45527364fca8,9
0x90655353385b4e8b83c89701f795956acbd2c9b9,9
0x1643a1346f1dbf02655c0599f28f902b7973c86b,9
0x9f78da9e0ddd694cf3cbf45b6457ccfe4d0c1798,9
0xe7487a038d39dbc7081ec44fa51b2cb8936c241f,9
0x38802a1c483c03bc5f7f8bfe7d789c8f8cde71c0,9
0x08ceb8bba685ee708c9c4c65576837cbe19b9dea,9
0x9ab17bdaa2ab4a70aedd11a2a2641a14d5b23ddb,9
0xb2c95483cbc83ce1ec200fcd5817a948c4a2c8f5,9
0xe0e61e252d59900aa3b347ab420e8c14fb3a543f,9
0xb14c73b09e72d9d4063afcc3f49a9e194ee9802d,9
0xd488768bdc3e4ca40c15051c509392243d1b14a4,9
0x0129711a326d1fab616bdfca907a53d58a2923f4,9
0xbc7da0f4d3681d33c8be5eb3405be83eb34d697e,8
0x7c846e2487a8b6ab7a4ceec6a2073c5ce388e2ff,8
0x9e78a135e4feafe67361aa16842d834f26a9d578,8
0x2a7b50f2fbdefd9caff33cb386d87269ef5abfcd,8
0x1e4323b88a097011761cf12935979a705acbbda7,8
0x9da62a3cf46c73db656d25b44446ff3f41eeb4b7,8
0x97b76919c623a0c546a016b968fc504bfff79536,8
0x7dd7b12bbd948a52a319a3bfe51bacf7a5af7f75,8
0xcb93716f2422fcb72b63e4c511ff51b3d114d433,8
0xd6340ec5a8eb6c7af4d8b9c635077c10aed4ac2f,8
0xdd156cb6552ace53af81eb2c647110bd4486224a,8
0x73be32f230e0c0159ac1349b19f070d117dc8c57,8
0xd33bb8c58ac6cad9d146604e224714abb02009e4,8
0x0dd3ad45f5bb983ff243ea682639420a54d14fd0,8
0x101f01897dad1155fe29d816f294abf022efc601,8
0xbe3de464d2043784fa575110e65eca42d4013c59,8
0x220b80290c6cbcf02eca06bdbc32663a8052aeec,8
0x3665dd9233a78d42a12d841c0c81a02257d77989,8
0x8f4239dc95c28e18de45e05793e08626cfe0c249,8
0x289e2652d9597a79dc73c0379421cc6daddb771a,8
0xe1a185300e969b05579db2628842c4f96ac85e67,8
0x189c00c32f98f2312f05521ea15ed6fb7d05d33d,8
0xa28fea2eba32a42d0d7843d283728fa7d7a356db,8
0xffdef5e9eeaceac0800a2f784105105dbaf1d884,8
0xa89ecd6ba08d0bff24ec5fe234899f318ded7fd8,8
0xa8f28471def292baf0cd78126989bc4facc1112d,8
0xa0ff0320c721d95d2de8a4c30ed2eeb3acb11332,8
0x2547111297038dd45bb1b7bd21450197d4af90ad,8
0xc75bc7f24a07a21855f5447044b2f5972bb28b98,7
0x732fb405fa75fa66192d42b40852e8542ab1cef5,7
0xfcc0fda42a4da5a2ae2d7d28ffc86aec0d6a28b3,7
0x7b7048782f0e47ff7fbf7f7ec9b2ee573be4055e,7
0x6266816d9280c3c2b3850f742bfecc2bc5e87972,7
0x84693316f98e1b7231ca190e945c61a31f53a441,7
0x8b1b847ffa5207a058b4055d161887a6a3ebe382,7
0x2ab31bba1d293489d4aab1a249ceff5775462ee3,7
0x4c9b9ae7c62eac1946070b772d424af8647acd11,7
0xae7c585fa26840e58a6d010eaf3dead86ed0357f,7
0xe60b3a7c8d558c0c8c79d19208214b6405bd8e9e,7
0x03d0f9aeff01352dd162f7e1c76d0efd6ff3011d,7
0x69a359ff26f03edfffb01eb0218ce3756c08456f,7
0x40bdd9679492461d513a15073aa810a31bd25a70,7
0x452ca484d3099f8bbd909daaecff638c12457dce,7
0xf852544fea875c0bb766c029387395dfbd4a90cc,7
0x36ec38731205289c38a66e05f5150a76628ff55f,7
0xaf1d7af65c6f0b3c350cf5324434ebda31e08a1e,7
0x6ea9b0e6ce9d17d446fa156cc007df9b94abb34e,7
0x8d88ab3c5e69004434eaeae7727fcfaf06c77537,7
0x22ced6f96fbf63e2dc857a910bcae955429de568,7
0xc734fce96d3dd328fd8bed5922cdee54ba3beeb6,7
0x8f924aff625aca8013584ef784bb0af5d53b5c0a,7
0x3b8ce093bae0ebeb766a4a0c638521189e1fe1d9,7
0x66b3ed4ad3fcbec1e2f80c8a931a45c7a06e6d85,7
0xba9c45cc80c01e184b1d1163ed75e88795bdad2c,7
0x1bf7aba88a2c311b47920b01adecdb4307bc006a,7
0x09e61f79948179c72e743e30b6fcf9ebb36a4bfe,7
0x490dd97d66404fd214838c3ba6e164ede8cbcc72,7
0xa43a8b5ca81ccfede49c7435d2cd89cd12e12845,7
0x2c6b8c19dd7174f6e0cc56424210f19eefe62f94,6
0x560827493747ac0b7e1fe1fa3044bf07d2e1bcc6,6
0x3e3137d6a775d4f6a73dde84042ae68f164423e4,6
0xe22476ec67859060066a9f6dd688e59ca93a0d1e,6
0x2e70689a59a1ea1cca8c717b7a552201ec87e7b0,6
0x9d63ab5d73f3754f58ebe955a090f88c66648be3,6
0xd874f397202b032e2611cf999ff737da419233e9,6
0xe27619767421f16d1513a6591008b7d07817fd26,6
0x63b0e87673a36ddde568df4ca2172ab478c4bbd9,6
0xc4e55cbe0bdc28fca6d0fed614dacfa8302af6a8,6
0x803d5ba4cfa97ae5e0a175e9d7f51d79e7a6465e,6
0xd4735703e42bc7792d956059c7f1e8c176d21a1a,6
0x36ddf3fcff4ab758449b978c66f3afc701655106,6
0xd592e220983e2cac309a5b26d596b004b7813718,6
0x0465d6cd2b12b22a27460c6c6ca1bfc9bec5e87f,6
0x642adf666fe0ab32324999257b4b24a92f1a9a6d,6
0x846614ee144b8530d2aef9f6af7cc777a2f56aca,6
0x489e65a610a54d12a2d01476717ae19cdeb41c33,6
0xc452fdb85e809d15b972ec588f24e27bcaa5ff93,6
0x1d58c56d6fddf829d940a7ed6211e145de3c1c34,6
0x38140b7f622e5c3c2f11d4531718b6ed892bd235,6
0xe5f4e281edbd60d331cc3d1569d1742ed8211d20,6
0x49278eb2d542ba2a7182e9cfeebb22f8f0d57176,6
0x59dacac5e1b5fbd54399cdca917b73fcf42909ac,6
0xbf057af2c08cd61c9449de0b3efe826a438f2393,6
0x296f322df679acf8ed4d17c6af81ee3cacd2b962,6
0x31a65ca082521d32f8afe5be822553a84c92a155,6
0x48a89224aeed25a6eb91695fda523f511ddbe765,6
0x9ca30a8d0da280a5aade97f2d8953fc4550b3cdb,5
0xb5584bfdb0f869f35764f975da6c482e29e871c0,5
0x8b1fc1ac4e18b9324c749e03b1564dcbfd1dba3a,5
0x3eddd8f5d45d635f7a67ad45b8ef1771e946b4e3,5
0xf06f0c1d0610e2c7427a43b8873c808087497513,5
0x3c27100795ed6086628077c73ccdff6056f7edaf,5
0x01ba7b47a222bff684bce43272724c269094c4b7,5
0xe337c9a04d371d9423eae361aac1831432527f1a,5
0xdb9c1abbae23c0e7c99c866d8b75eb634f69e0bf,5
0x7ee7b378207f71595e8a3b3c1b5c59f2b9a6a0d3,5
0x74e4f76aa097a5d81704e232a4ed15a0ac4d8a78,5
0x77ee54a1647402b6d370705ea1e433a6b2ceb65c,5
0x9c3484ea5697790bf3888a65aee25daf127dd6a0,5
0x3aeada63ef9c14651e289a21cee7a8e48af3ccd7,5
0x566d2c319036caf7331956a12ba118f44b046ea5,5
0x55d2835b07d14de68fa746f726c5eac78aa742f9,5
0x1486b56ef5db1ddd0d052b543c34a89d55379c30,5
0x9176060bd84381e5ae716231741f4cd298d49602,5
0xf89f92b81894c9c89b5a5964df2fcff5727c2599,5
0x0c33a078c3fd0880bc945a5b7f92344cf9208eee,5
0x3ff673d80e735b3bc96562fa64073e59f182db42,5
0x000000007d905ab8199381328c3fb0a75754b6af,5
0x07ea687c51103d3ea021c019e2b2fffa40fca432,5
0x343f1c529765464242f15440a7cdb76a28397c39,5
0xd97c71497887e21cd650eae00e140ffb06da6239,5
0xab1b9521de0f0a30c43817c66c54c06a95548058,5
0x3c62d71981cb3a72957a4651ae6aafef5d97575d,5
0xf631f45e0786a1f3e074fa1063de48d001dbaa9a,5
0x81746778bc8335625458a504be08bd5ea6343879,5
0x07bfeb5488ad97aa3920cf241e59d2a817054ea3,5
0xff13dcbdb3046442e48758f227c4af19cca20458,5
0x61df880c88f200f7719c1023085169e75a5d8eb9,5
0x9eb014f3b51ca0f5ac5bcbf11eff5996dc8316fe,5
0x07587c046d4d4bd97c2d64edbfab1c1fe28a10e5,5
0x0b9e57c8431611d917937d1fc76bf1970f9a4263,5
0x9cb922b72fc486db731dc470f30b19712bd33e77,4
0xdca334874727e8f67070e16b20e8f02ffc4595c2,4
0x4e95fcec3f0bd5e4c88699873d125494f96a549a,4
0x681ed043f297576779e11965a69a34b81baa1dc2,4
0xac3c8b34a4cf17c42d5ab97f5452f836b8972a86,4
0x1783cfc786977144012d2752819542f563832e3f,4
0xad75c8a132ea3edeedcdc73e98564484f8d7caf4,4
0xda599dedef2d8c00c01cd047bbbedc7399ad5908,4
0xc102fdc451b53d7155ec154588f9b2d2cba91c00,4
0xaf8fb85e1914bd78872ac5a507ffc0feb2715622,4
0xd1e4ab543b554d387e7a606be3b89ba6391b3043,4
0x98a96c97892fbfdd7c32aa3c8cf09e7c94f5c888,4
0xbe101ead1a8e16e8086943dcc4b11221743c5565,4
0x2f40be82ac25e93cad40fc9d7580c34150e8372c,4
0x60d0cd7b931641d405c88712b87e610fdc47af3f,4
0x98c2ac5677aae7f6bf892d312c854dfcba9bb63e,4
0xbe92f8deb04b44175fa782f8d0bb65b75626bf4b,4
0x7e4cab656162c16a2326c7b008c9cee2f978af5c,4
0x90eef7048038f502cbfe6809bd34c2004dcce30f,4
0x0d73aa5de89b309798f9fcbba8b86c4fd5f542fc,4
0x816ab8fa0951c819b380af51a8ca0114729a08c8,4
0x01f9a987cb6b27dcb88062a35fcf5cecac9ada96,4
0x5029dfc51f194d5b5f4672fda6a123ff00122e60,4
0xd26907c6af15e0a410f4cf06bfe17d20582d4099,4
0x18ae8f669c0c5f8afef944183fbdf1ddade3a8ab,3
0x7be9b19e8cbc1956353bac7c49964b43f968a547,3
0xdd5fc8f2fd58e35be4138bbcf9e9647892dab9e2,3
0x2840f42648f019e97eb45aebe10e0d99267e2573,3
0x3bbc58fb15bda7b208bd415aaeb3a8455a4c29bf,3
0x9fcee15f67fb4ed007d8e2474abb3206d7baa689,3
0xff572f4e10420fd0b1877bed13e5f944e939d87d,3
0x9edd069accf979f744ce3fbbebf54507ead29a21,3
0xe711214654579541a0a073977d97f2d4b43b8987,3
0x295fc02681c010250a896d4555d1bb581d7b8333,3
0x9cf4f9089ceb7a4bc2cf026770206bebd4280095,3
0xfc397502e11b8e08935df2295ecb8a79d2122975,3
0xa17b9a89713679c02a9df52aeebb303a8c62e1a9,3
0x9c92c983267bcf9ec869659bcad3e71edfec6154,3
0x48b30f0a1db74808aaa1fdef5e908806873c899d,3
0x364b68cfc7e6fe67914b80b7d1c827ff2ac5dfc5,3
0xfd3f97ed5bf0c6dcca173ea9fab4aaa259637bf8,3
0xf8d0a4542b1277d8a330e69cc56bdc109029c623,3
0xbadbb10275799f00a11690be4bed8067e013aac9,3
0x9f691d1c018d55de6d8fb4db996eaa5d60e97ba7,3
0x92fcd15a46f9746d64369ccf73ebf6d6c5fd5a52,3
0x516ea6360f56099649c6521c60f54acef7216f7a,3
0x5e01722ae827162935874afdd434ce9afd3c8a35,3
0xc3e10c4b00d393f515b391b69504b76a219b2132,3
0xd7c13b370db2724492439776f8ade468836a63d9,2
0x94fc15963f98b2fe54b01b79134bf1b994f2d678,2
0x23738953cc3b01664d9ac305060c1932a45d5351,2
0x79622994e37c08f20cda096c2225ec14efd4c701,2
0x545acad5506cfc873649f30c80cad12e96cd2d81,2
0xc4e85ac5e5b0caf1c97a011dceba08d8f571267f,2
0xa33e5e1ccf57c0caf78ae399061f270dd24ffcdf,2
0x7dbba7f0551aef5894fd6ee331b95dbb4349f5d4,2
0x067bfd6cfd504e81d0406270493095f3dbb710ca,2
0x0b5b1620bcdc2f41c4efa46b739f9c1e6eadbb68,2
0xe441a178580e68af1de680e0a42c507ca763a0dd,2
0xbb44bd8dad8924bf227c69073cf2e7a9c6135e17,2
0x0e052c2a38421a9c82b42865bd285f9f77a4e17e,2
0xecce01d34ae396cb5d9daa52b588a57ec4714f89,2
0x61150fe052959306016bff3fed1a4564e813a350,2
0x8d196504c6007153ae74655964327eff5744123c,2
0xfc2deed6a650d9ec51c6294facd2c7a1d8e94194,2
0xb9e0619cb53f7420ad7c8b44bf59928e4f1b878e,2
0x7b8e5cf6372167286fc647881d4cb9ec9a6b7b25,2
0x55a40340d7ccef9054492ed82455e0b0b141d0f8,2
0xff6d777f00c09bc772408bf852d0f48891004417,2
0xfc4d4a9e7525f212589bdab7120cfcb638b24899,2
0x047ff51b9e3924717fbeefcdaac48779b7dc283d,2
0xdd2d0bde6ad4855f77d953af80eaf11e2ea1e3ac,2
0xcbdae7c71801bedcb1bd156ecd665581c43b8112,2
0x2aadc65458494726ccccd4a4dd4fb44b5db1e095,2
0x51ae51ea0cea748c6dce1bebc50de352345fc822,2
0x75e6693abcde0ac40a7c7ab63bcd3e8a84a1c09c,2
0xa2c52b18ddaeffebfa2fdfe914d99c523156b632,2
0x9821b66d1f6c0caecb7a3f97b501d0fbbe72c284,2
0x520b45258db9d932dda8a3d0f24dc98c302e582a,2
0x402af21e29c97cf5bacdd0e92915cbf2b95ec327,2
0x6fbb5268d691165e2dbc691a11b098680901d773,2
0x87ac7f2282d420ebab6ba77bf3db22847ad9de08,2
0xeb436287a00ef18f33097d2942fbe205a6891621,1
0xb983ad6b53369f8d84491f3260d43e71a31dc41c,1
0x8c95ab0034678e9429de8401f43afa855ce0609d,1
0x89aa0d7ebdcc58d230af421676a8f62ca168d57a,1
0xe8112dc79b6f9d8f1e3a9e663ad895ce7ab47e7f,1
0xa604e429f26d440e4742b25bce05f3f3857b221a,1
0x62bf4b341b0e321eb3dc52f88e2581b39e18e416,1
0xc25317f5713e0cac7b5d1a0b7b024ae4747ce0d1,1
0x989c39e13a56014ac00f9d6beb974b9542b0d762,1
0x20ad5cc53d03fe47808a65e28072d93572c98e11,1
0x5c09cfab4185437e0112b1a920da2da4fba8bc0f,1
0xc7b25121f05457fd6eb6143950d653d4bee15765,1
0xf6706b26278e1f1ed30d23bc20cf73f6b2fb829d,1
0xd938a61fc237031bd983650a0d0cf0885c91e9ad,1
0xb08e5877cc44068c1f7af03bc901169beb089a19,1
0xb264a80b607666af66a5924990ce396507baa68a,1
0x324019236c1c964bff5019e3be400abb4ccd6e15,1
0x527d968af4283f20924c2e5b8dff867aab566478,1
0xf21277aa4e4197591a3762c974a7df5c1291edfd,1
0xa06e24c695b6479b7d21fdf15d69bd91cf060b3f,1
0xb9a9a03fa47848a64c7bf3b3ec7d4a2b642ea876,1
0xbb0eeab18724e25d09e24a293b4c53823ceeae4f,1
0xd0e9380c26b3546c70588ff7fc52cec4fd644e20,1
0xb284bbf1864cbcfb2dff29671ff0487cd4873c87,1
0xa2922fd98300e6ee704f4e7a73a6df9f143f2d0c,1
0x128e0aacaad122bf5b920a072dd835775856a556,1
0xfdd442e4d8752433e704da6b07c10b9e4236f62f,1
0x39cb8716141b69ffd464d172d09109fce1575449,1
