owner,burns
0x6a1a252e84bf1569be1652c53801c85e26b142fe,223
0x27ace2849d6e1be10a3f0274d279c7788646b55e,120
0xd2c894e3ae98f342761dfd4afd7d23a371ca95c6,99
0x166d0d94f4e3a5afd1d2b9671a2199ed4f6094b0,94
0xf19bc58f747d6ea11959bf2a0fa81e53285546ac,92
0xdd061dcef5a5a7d40ed4baa3191ecf9b98eeabdd,70
0xfd74e361244a2e4eb807583969943eec01b60ffc,68
0xd51ce9be4a1cb6185b76ba825c59236a6cf5ca2a,63
0x8fb864c20a30ca37c568c3310ca2aae92d0e5db7,58
0xa5b7a2af41e16bbe53b0b998add1d7b939c24093,57
0x123f8e04ff1d77298c1185c57fa719f49df61d80,55
0xdb5f98d56f9731d265cd1ed771ecd4abfafc3902,55
0xc4ed938caeb36008493aa2e327140a8a3324d193,55
0xe0c3b25b71c0a44a3bcb443d2bd9e92103ee7ddf,42
0x38b8f8008cce8a43eb223d7971ddc0800b940886,41
0xdc6784896b6dce26a8cfce64efa5bee202ac1139,39
0x9271d052d0cf0ee41f4d2a698b021364b7b0117e,38
0xc432c4f9b0b754e784eae6845cfc6d01c2f4d444,36
0x0392c0d81934b52f64aa50c2cfbbcf28cd6141b2,35
0xecd1411433f3c41605b804abd35281f26c89c5ae,30
0x375deee2ff22e6292579d5101ddca45d91860749,30
0x0f7a2eb5dfe07f58b73f2a61094bbd3541d3c520,29
0xb66d37ded2628250d2ca4c01cf692766c2ba9a4d,27
0xaf8df959507b7d7358bacc34b7b59be01be70bb8,27
0x12e322ef04da64246412536f8eb60d6a402a59f9,25
0x004857e61922d3c99688f00db3cd228f683e23f8,23
0x61aa1430138824abd0c1f0878a3da2ba18071e8c,21
0xf36ce58e0d9d5df22a4db81d9277e6ad157c229f,21
0xef11ff64b7cb7621a99ffee16fce1227fa5dc7ba,20
0xbb4207b3e0627983525af29545324f61276670ea,20
0xe92f5a12d7bec3c586c7127d64e89f5ee13d292f,20
0x7bf8ce50e493b7117230fdc60ad9aa229cfb5d27,20
0xd4bbdf53913497755ecc7ca1983c3edabd1c63fd,19
0x129774ee805e873193b73a2a91d3525e5c467363,19
0x1e61d8d7bf361691c9c4973547187533696e7680,19
0x802b07d5bd8f72bc7718de76ddf51045784a9d0b,19
0x044ebb2f973bb84bce9000961b069d1af9b16513,18
0x0325b5ba13c5283f2c5262983a64e963f5bdca4e,18
0xc46bc20feecaadaa7cb90553d669990e208bde02,17
0x98542a7bac725e47dc787e0cb38352b509307c79,17
0xf3fbb2c0a711529ef9b81fe59a5ef5b8f1e0eb27,17
0x7547c9e3a87620489c80dc3047394c645639c271,16
0xaae6c599709a9d282d5c3cbbb53a1c79ac1b6070,16
0xccb3130d29424b90856963d9079df42ea4333655,16
0x980761c121be0b51f2e48ff8a57155e6d175f552,15
0x2190d4ee2bfc8883c3d71f4b5f41acd7a7287ff5,14
0xb4eee967b461f27d7c026fc9233c6679873b4721,14
0x98c2ac5677aae7f6bf892d312c854dfcba9bb63e,14
0x2bde15dfbc4cab612f8288b9e2acd8f6298ac018,14
0x94a2a23bc5c81898a08ab255013d6962829e4ee1,14
0xadc572b34f685dd1c12c5d1b592877f68fe5bbb0,14
0xba83245913a149572a4aff9e64ea8e31ff793aa8,13
0xfd59e1eedd41b8c91b0a305db61e43a599aa4b55,12
0x0a0d186a75d96c7cc5e5e97e1c61ce438d58722b,12
0x5ca9d6e474d68871cc17cee4ccb6c1fa761373cd,12
0x699480b2244d036396f9ce91dbf044ccc8e39140,12
0xaa77fffad72ace7cbaff69084201ab6966187886,12
0xeec28f46e46090d51ff50b07f43533112f720b82,12
0xfb43f0333aeaa535582141cf28ab209ae85ad52a,12
0x96b19a7cb74f91adff8168bc2b8cd295252c9360,11
0xee6fb338e75c43cc9153ff86600700459e9871da,10
0xe817ea69d837a4dfd973512cb890b4e484c29f9f,10
0xac59fda6c1aa9538069e91573db5f24275f36571,10
0x5c16a1799791acb83919e578707bf736bdfafefc,10
0x667128d400fab4a113a96529b72e69154da13d8e,10
0x1ce9d62ac3dd1b897d582cda4075793ee8d0bfd3,10
0x617ee4d9504c9fa914eb511cda1638005409beb5,10
0xcd7f7cc5e7d037ef9fc9940e64fd083800518c94,10
0x7400abd79f89db73ceb08b00aaecd2dc1d6ef0ee,9
0x4930bf4609979444d67be0749cad49faec077753,9
0xe3672ddd7cf52ba8d5f4413e7bb5bbb5e7dc0efd,9
0xacf2df3ddd8024edd4a03f496097e4cf19b19f1f,9
0x76eb7dc81c4b05aea80126affe5dc6fc94152a47,9
0xe01202874fdf8bf066e8273ffe65d32842bdec83,9
0xcfcb181b5cb759160a532964a2f2c3390c6f4221,9
0x301817bbccc78c7f6b450a2d9001c504dd96fea1,9
0x3cfd693fa27232fdf9f8eca4b71891f790979a57,9
0x07062c38ef43fb33ee1f5f336fb693cae877f53e,8
0xae1d7ed78c65cc05a11d832de7f799ff77c8121f,8
0xbc934896714f8872ad117d1f36b4b3737bde3694,8
0x55cb3cec8ab231349e7629ebba51328e0fbb3550,8
0x5f54f06da0dd420a766d3cf7585004430be4310d,8
0x555e70dfd298ab07ba90de3569fe05c18d41473f,8
0x152bac47b8929687e508608b54104fef949fea67,8
0xfc39dd253b7f9d4f8b5cb9d6a2c911080f504327,8
0x960ae7e6108c0b6860c44f38eadf572814d107da,8
0xc4e0435861b39843f4155ec518dbcfc34725682b,8
0xef2743855ce5d1f0138bb16d98c469d1287c24f2,8
0xfa6ee7af7baa1b174500d1a8275995eea829453a,8
0x6c6547f194057018b3a3eaed919d7039ec37d51d,8
0x0f0c6ead741f9f4a217503f96239b5e4b84d80cf,7
0xf676708b675565b448506095c3326f04f51aa842,7
0xebe71b162c4fd6be6f07bf11b17d271c1087bd8b,7
0x39b3b7e370394b664a37e8c59c33f2662986d5d4,7
0xba521c130af0eff3d300b398b4715f154fa21bbe,7
0xbc383f62f67101c0277890a2eb74e27e27e6698f,7
0x66b93ec5113283bfec35c21fe2827ad6bd80eff5,7
0x19e47ece41ce9e0aa24eff59f02c3e9ac578419a,7
0x9ab57cf9c7b16c334a982d79bb96c96705bea673,7
0x638af921ca8a64eaf9b54cbcc8ebec5690fda474,7
0xca87d4a49aa3350fea523e679763c28af562019a,7
0xdd8fa729a39441985cf7c9bd77849f19dbe00bdc,7
0x3af78a5aaca1d18cb2c0d2f23d95fc7fe09e92fa,7
0x0567d67105ae13d00b60a991e57b9cc83f05c083,7
0x57a9e4995035060d499d9c020cd8ad2cabaa6619,7
0xd4d2308ee2ce7eb71bdd350d8993db63ef5d7521,7
0xfc832593b94b0f5e78a0a43b83ef3297da14c470,7
0x36f9d77959bf4e02bf589b59e77ce71ea9118edc,6
0xe2a1c11da5e03114ccc348a4252fd3b60c89925e,6
0xa97c7af7532e661db802069571920a718338618d,6
0xc1a639bc1ac89a348add12f60c07390ca7bf18ae,6
0x11c8678135658637fc510757cb26a1de551565c3,6
0xa88b2ff9ff713645328216c9ea17d0608791b499,6
0x1b338506889555b13926e74dc222d1bb762ef2f7,6
0xed6e663b8d2192c515ff70ee0d6291e44db83be9,6
0x4625a4a88f8db0c56e9dc5cbadede62a19a4c08a,6
0xac77b446128ce9bb3de67f3f26db332f8b6816b7,6
0xc9976c3ecdea1b9bf32ba74c1ddf2456a8ed2f42,6
0x610c557b3a9500d5c42448272230be77b20c9438,6
0x2698b58b2f05fb3a51c934153933ff86e6d9e49d,6
0xdd121c2ded290a403c993315da998ec2a1f0577c,6
0x69e6a624922c59b469491c5f668335f89e7e703f,6
0xa4ba0b7797047a5ad64e32cb0e4147655db619aa,6
0x49c94bf30d15858669666a5ce56f532f1f427b2f,6
0x855a7f01d07fde0480c54c7349707e5481bc2093,6
0x61df880c88f200f7719c1023085169e75a5d8eb9,6
0xd4a433f2359438c51a5a923830f03343c80aa617,6
0x0ec96b120db678ca61cfc54e593702a7684fe500,6
0x666f28c75f3304b63ef948a992795214d9a35fab,6
0xb712b8dcf5f81a170337a1278a1bbde31cccdaa2,6
0x3a1f7faa40c93be8e4a3f76b7e910dcd8776cf76,6
0x693e1aea486c80d34124c6dc3edddd325a41abe9,5
0x94feb426cfae97b62d97deff78831602b83d2710,5
0xe199a6844d6c126d4d2b0b047df674782a9d56c1,5
0xcefa0f326757a42a24fa9469b02f3919681dc49c,5
0xe34a17cf38d16d67e9307b127fd474502dba5f65,5
0x888d2c0fbbbc073f4830805752e27e77a5d79042,5
0x5f761a35d4a0c99e70a9dbf61462891c7ba3d93d,5
0xbc6d77aa4fc4407897bac23d78dd4bdc1d5f8676,5
0xf04141347b341b6540e806ddfeb6fcdfc6db3703,5
0x02d2f69f62d073b2fe45c051e3876952bcef3165,5
0x784058c14e0c3b90229d7aa3f83081cefbe3f40b,5
0x55fc3e5eb344968bfb5a079628edde58b9e6ef71,5
0x83304f7b6f17735e96de59eb69e0229b06241236,5
0x3e9e7003f3a09cb82033a4f2a64e681009fc6ba6,5
0x17e566d94b9e9471eaaa1fd48fed92666fe0e6c0,5
0x7bbee141d5b86dad4162c734c5c9d6d0751f1c69,5
0x4e03446b62750ba116beafb11b289201878ef37a,5
0xe63c78adcb7a766ddc48e493de46094b59376ef5,5
0x087be9e1cbeacff8188fab3ab6e781d0ae2b4a1c,5
0x8845234ffb6e7183e0e59a0dc9bc86bf51246699,5
0xf04f09930d20c95e93c34a2e70cbf75b1eba0c2c,5
0xf74f8ad40b17887b0379d87c55c063dc2861aa2f,5
0x2bf0df7fcf1e8271ab075019dd0585adc09a46df,4
0xaf4660bc591a8dd11eb3f025c6cc838be25d550b,4
0xbf8641831d15c2701ba122981c3d7a6a2533ea48,4
0x063761b4fdea48679e8ef3a31a56bb8a1013102c,4
0x6fa93df7ef49fca5d5fbfa46a425368f87beb561,4
0x49ec49276bac2b04613073acf7dc28d7371a7be0,4
0xd86e5f96fd5b7eacca2be0e21005b05be3ea36fb,4
0xd09046f58f11dc79f839ff6efd2d8bd65f1f9d0e,4
0x751ed86531754ea1df93ca61440ac980d8b20015,4
0x444e591404f12d98c5831f20ed3446c9ba4a2556,4
0x8cbcc1f43789bc5adce858151e3519e9c0df03ea,4
0xf81865ced6473621741b67150ebe9406139b8d33,4
0xe0bf1ba48d5d57eba4cea3d3e2d4960c82f87cb9,4
0x423591719a6167b589ab7580b810fdf49d765b5d,4
0x32dc7a665af94cb941de28de8bd69b8ae95f6b78,4
0xb6d089f0b4865f922fe92815a1c90b53598e5aae,4
0x46ebcef4e1c86d244598db963d27fb2713771cae,4
0xecc424c1ffb22ba13d84669f15107f53809b0ee3,4
0x89dd514ac273d04b6db76c63a511dd1dddd000a2,4
0x98d8ebbf0e389e4fdf20849d3f6788cc6f06e4ee,4
0x18e8caea3411b0b8208aacaba9a77fb48eba5a5e,4
0xd6c58eab3d07025300f2517946e90779c07439ae,4
0x46f96c7cc64ea70fad17d81259d222f98c530c2e,4
0xbc8877b5f13fb38bae0d795eb465fc3d995c3522,4
0xc643c9411a6b489e9833b16631140f42bbfcb6d1,4
0xd94384d7742ba9f5b2136237e990b03080961a9a,4
0x9749c95a67af4799b10af1f01874f7583e49711c,4
0xffc81e8ff9a40727d7df97233f1fae26344eb90c,4
0x2fc70fc0d1ec1a7ebea534cd41ea171d1d61c8c0,4
0x69ddcf4750d5d7d408e4bf4787822895043cf34a,4
0xfd993606d7bff499cb82a98199eb3ea448c1d0c1,4
0xff6f09a3dd890d9ff3df2f4be1e60716b0d83347,4
0x93f5ecc138311f29f0ecd54a46a2b6b42ffa6330,4
0xe4aff6239ba4d2ed2ba4d2de765d3cb45f375a00,4
0xfc65f033656fec14b072576484ef870a51695332,4
0x3a55478adafce637a9eb4fdf5027f283ed4233fe,4
0x9c4d83d302f642b528fd47559c194606b86e63b5,4
0x6ca382846e9e9a44b499f0ce460bf6fa7dfcfed5,4
0xbf4cc9ebfc3d71da79bf5245d408adc27a9f7976,4
0x4dec0401207a64d1a93f2614f2d9abbefe15de8f,3
0xe7e2f804216a447eab9ae28b1292dc5267f660ab,3
0x0335bd5215a5e42c3beb20b30dfaf803c0901786,3
0x88c31407d57f1f736acb43a12aadab9d55a8e0cd,3
0x0b737c0516f0d9e67ccd728b59cc7a2945dd6e51,3
0xa55705954f4b629ab7c2c618fa325d2b95d1e9f7,3
0x7d761d8828baf244eac723f82b2ece15ef8adc4f,3
0xfaf5da8d60549cfef25ba7112443fe1076174b2c,3
0xc2d914e47c2642d5e248d580bd0a3865b9f07d61,3
0xb91b656ed6d410648895b19dec5bbd3743938096,3
0xf6a050e28c9da904f5ea04226bc43a92a2ffe4ed,3
0x9c99ce072328b450871c8e27da0a3759f71985e7,3
0x9f7ef899becd23360a6f3c96dae9f32b6493b2a2,3
0x401eafbedff96edb6d7bc0aa0a2bc7de1e2e48c1,3
0x198559fadf0552b2cf2950c237c919aa48089a03,3
0x3825357cc52afff560a56a1d6189bae1c2fce382,3
0x3945c314acea2a83bed858691dec1589af7a70ca,3
0x3f55197fd980c0da9d59c01a4d3de90a1c5d7ad1,3
0x285da2b67afce18e532695788c1a2c902bbca0fb,3
0xb3c907670200ba46575cdadd8f6ab553d9c04734,3
0x490dd97d66404fd214838c3ba6e164ede8cbcc72,3
0x1ce9ff9e35b27a847e2de6af1c83f09ba3244768,3
0x11ef88ef9b55bf028877f3d3506f411add1574a1,3
0x20e7b3f96836fb1e2de70639e180c382c1811baf,3
0xf7023f165eed3bb2625894a539036bb454fe774c,3
0xf12b2722a5bea320a094009a2e80f4df92c6d389,3
0xcdbc8cd9299808f377c420d2e9fb6e6076f6ee81,3
0xa1e928b404a91f4e5f2f8aa0821134f0aee13afc,3
0x3becc01158aad310189d2debe4b7e79df24de880,3
0x3a36048afea32c645b007e4b6da48263e55ee667,3
0x3bbcf2972299e6da5ef830af78791e3a7ed7278d,3
0x25ebaeca4e40f96a71df60a3af2716a05853e395,3
0x1c21230d4a2e920d11655cc6afe567ee38bfacda,3
0xe816f527254ddb4bb5a222e26ba80444df10be01,3
0x58590365b9f634fda68b7cf880505e5f0fd62708,3
0xe2921b5fa7bf0fbe9da85091aaed8dacfce9f6eb,3
0xca50378eee9e4069114eaf301d813494ca190bb5,3
0xc4cfbd7f6b03198281c96eb1196837b7faed6269,3
0xa20c07f94a127fd76e61fbea1019cce759225002,2
0x92e51066b0b245e24c531a829e5cb5386202b5e1,2
0xba55a4ad8b09c532fd5f330768a5c415e5cd689b,2
0x583c6b65f5e357b94685ebb0d57d60202eb96b97,2
0x767973eaf3cff050dec265864a5467ae64f5a5e4,2
0x81b171eb455844a55e48726e940d3f1903b5fb7a,2
0x2ce0fb9a765ba7f55d43897dd404c8d92e9c0708,2
0xd281db6d9eeb1dad508c794057fd0621af88967b,2
0x13154a5c4db42ba376437cf9b1948756a3ed6ebd,2
0x9005cf20b23af88498c23b2e824b1419eed6f826,2
0x31992b19c40f2e472da5d39b167dc6fe952d3777,2
0x878975cf4a97774af6875b3b37b0920b83121f35,2
0x19b192b0fff2c19ebb971054453e6d52df6efb60,2
0x29059f184faa0a32c83971c8951829c8be27d3f3,2
0xa83c795b25b2e7a8cb1f2a8db1b75afcba6d88c8,2
0x38ff9837ccddf029f1fd319f9252acb1881d9927,2
0xabd4d2b15ed7c40a2a37a5c4eb4d204ba6f208dd,2
0x30378d6b2acca2d6a6480bce7c5c2bcbde71bb7b,2
0x379777fc44ef686e510171f160f104945ddfd233,2
0xa8fefe1c78a64a5af7df21cf814db34b8db24a78,2
0x3d97765dc58e8b962d07aae57e443ab3d939a1a0,2
0x9e2e5e3ef7ec8c58a0a607e0a29d250297a0411c,2
0x6e0c83fba7a67b7c64bfd1ff7760cbb096a5da35,2
0x34d3163d5ae37661d87d1fcc1ef6c7667e2c33cc,2
0xd8ac01e7c0c32eb7c5d565dad357f5b0fa29bbe6,2
0xfc608f3bb4aa2ccdb4bbb69ccc05f0478f1eb950,2
0xd0a8ea19ede0fe9d2d2beb8863f82777156eabe9,2
0x154620ddfdcd6ab15dd9c1682386debad1eef536,2
0x3b30f4e383fe90d06643839973e5a183ca077ddd,2
0x1b4cdd1d9492f6f2bdf158dda65d84808307139d,2
0x0188a061aa8581437b0e16f4aa9a9f3f170676dc,2
0xd8fef4bb781ad488b124b86b0bc7701454060160,2
0x2784f067fc4ddf05df9b5158cd61cea200215783,2
0x4161cb28b929e90c284cd280daddfc5cfc76188e,2
0x561c588da8738f5b7adea46d11926db53fe1192c,2
0x08430b4dfb72689b4193acadefe37abde6ae93f2,2
0x981a7420150d815147a62a93905e0064e8ad7342,2
0xa71abc01718a8cd5c295d0e2b2128c6ba6cdf913,2
0x59dacac5e1b5fbd54399cdca917b73fcf42909ac,2
0xfcc0fda42a4da5a2ae2d7d28ffc86aec0d6a28b3,2
0xa2e7833dc269756e1acb554aebcf4338bff6974d,2
0x5ebdc6f4df9fa2eff4c7d543ff52629520859bbb,2
0x56e11cbeca8c6a80df9cde77a31165924a458ea8,2
0x5f1e988d17704e5566d35ee0708df68ca12dfd21,2
0x95269423ebac8fe3d7f58492e3a5a93fd379d428,2
0xf13ca6890e06f40711139c8bdae7ed7799fbc6d4,2
0x25bee3ca75650c3a37018f4509b73a4f6544b91c,2
0x34ff1613edb98df7d833b7dfaeba71ebbc877018,2
0xb7b008b162096fc66dae91fa63f9baf0c8150db8,2
0x919f36594018484b39554d0623154404c341070b,2
0xfeeb9815eddccd894793a687a8c5c4fe87c579b1,2
0x97ec93e5703099593efb87cc80cd79f6d1e832a6,2
0x70812b362b8cdd7887123f8e61e53ebc7882ff9a,2
0xf2e4ce38fffeb48545def9476d4fa1595e8a9e25,2
0xb65e213d0516c2d5aeaeb1f9656f9542a9ae44ba,2
0x57efca1db35f5ae174f564dc2866c6882adcb5b1,2
0x8bfaca2a2c775cb4e7ebc04094d54a3198f050fe,2
0x1f6bcd10b6562ec8ea12923c2495ee170b27ad13,2
0xa9804de5a5a74793376ac310bb8010194f5204ef,2
0x55903ff4cb19fcc50469bc5a6f258d60c5ec947d,2
0xd0692d08d013471cf599340367ca07611d2e2b9c,2
0xffccf87ae022e4e0bf3f3aae99bf13d3da80399c,2
0x18963bb77494fa1ad27fa9b0beb862a43da3d3a5,2
0x9ed0680c26cb3ecc18a5240dbb319730ed1d4d8c,2
0xa738a8235f8b65576a10f1858373c63c6e38bb5a,2
0xcd4aa0d75c36f15fdc9328ff4424ef9a22b755fe,2
0xeb0884d03a8f05d4904c14e4c8b08b776e91f5d6,2
0xef59a40849388ba46debfa8f8c578293947e59a2,2
0x1b599b8c703d97c37d40693ed0c59f2d5553fba5,2
0x3720e15ab36f9af7e6ea3c5bac39541fa701b7fb,2
0x8e20dd164089b31bc5d8d87dac96b5e6057ec0e0,1
0x90f64e01ffae16490aefe03c8ed7dab6c66198c3,1
0xbcf03166d5609df19b0c0c1b1659966cbb0ca5d9,1
0x64ddfed821cf000811060c04b5741f8a77ac30d1,1
0xee093ef21fd4fcf06213259b8c30b721db895baa,1
0x1157e6cccb2d942cb0c7ae135fd2e9fc0c6c8195,1
0x6e3bdf8a2a90f7214f7561f6f8405eea5e972eb0,1
0x402af21e29c97cf5bacdd0e92915cbf2b95ec327,1
0x2aaa07a0a722ab93a27183277f5e92d50fc248f1,1
0x41d6f82de64abbfe963a1483e6ae6e0b82f6e4e0,1
0x3d2f078cdd5cd462910f80ac385a3a2fc34c27b4,1
0xaaf39036a861d4dfc1b79c63de634ea86a16d5eb,1
0x45cacdea49189c8b2b3ceb8184a2671520b19b00,1
0x9fcbcf7ba93ca69c2e5c0e5ee730cf53de134dfa,1
0x6702ff8df61df2555acba8756211c74b9f458367,1
0xe25517708ba2f3411a62d9392bdc0fabda286fea,1
0x53fbe69de8c69cce68b453717006fddad609282c,1
0x4b6a535dfbbd7bc4618f002cd5441602f6004896,1
0xd888267d3884f98768da657aa9d899090bdf5485,1
0x36bd061de34d98e2fdfc471ce4a5091f09ef0f9a,1
0xba375d813e26cf0426b39ad2f4f6f90faddf5e4b,1
0x9e65d178cf5bd4661fe29e45d85a592837e81d23,1
0x94edb1c9a040b705f344713f204399c68fe207bb,1
0x8af621841deb32b013d9dfac0dec68b8a6935e2c,1
0x90655353385b4e8b83c89701f795956acbd2c9b9,1
0x1d633ebe68deb8ad94033364a25f3a71778f4127,1
0x0c859504b9569987eb3bd3c67c7978b95d773d44,1
0x3df29fa0cc467331980fab784bfb03505c779293,1
0x60b5aebfcf03d293cc2bbc9371fb51dea55c7339,1
0x4adee45350cc3e9c0d03a99b41111d6069454739,1
0x88e27c31f93090fa1d433defe6897709027df91f,1
0xe03d7cb5e146e7f67c5da6bd81d7252b2d6eea09,1
0x9e005ea686d99febaedd8bdbf3440c15233c4b34,1
0xba50b0fbc91c8b26cc0c16bbc3703e27fecc6896,1
0x94f1c35e0173f94acc9b6320253949c2358cfede,1
0x9e810a0966cf3a8ed531020cfd5159e02a2102cb,1
0xc18595048d952700eb89da0c73ee89be0b106c3b,1
0xb12b6432476293e70e07e1efebbd233c61f1063a,1
0xe26be241b7d09a68e7c0d186d6aa20966c5f7f62,1
0x93bbcf3310771090e88f19057c940524bb43bbba,1
0xb37790f1e62e0f1d0cd8af52970fb41ed8f7eea0,1
0x96f8b4ab8a02abdc4218ed85f9cc9aedabfae278,1
0x7dd7b12bbd948a52a319a3bfe51bacf7a5af7f75,1
0x01117e94f863acafb8f0db5c05f5cb58a20e16a8,1
0xda2e6e221deaaf557c50d50c4a888c7735b9d5a9,1
0x69be4b80090d3e642d1d3b30ba40c790369c0509,1
0x7ae75fa86212522399d36a00ca88f88c84580ceb,1
0xf34196597df209a04fc92b97071dcaabbc63f0e8,1
0x880b448b1f804d05903ac2e57b5a0edb1c001f91,1
0x82b99f9d88dcfbd1936d08eef8d3d97f246915f7,1
0xd97c71497887e21cd650eae00e140ffb06da6239,1
0x830f79bf3a95ab5033a2523b3eee648028b8287e,1
0x2672874f8da0a8c723459713c50adbfea4045a4f,1
0xbba8fbef8f1203f511fe714d601882c005797786,1
0x0c2e564a343585547de7cc60aba7619d7efa4322,1
0x1389c9d95954649a265cd175815e98f3a02a32aa,1
0x892cec5232c3213b179569d1feb7ea2af725a110,1
0xb16d8f3c1bbaadc4111bfd7a1361341afb35e004,1
0xbbe6c07c5dc0ef4cc5293b2747da2c606f10f46e,1
0x4943bca6d1ec3191e9fa95acfa5d123b22d1b823,1
0x229659f13bd23b5212e85472ee12946d0d79c66b,1
0x9da52a485062df0f23310ef3af3cea34278c69b5,1
0x22ced6f96fbf63e2dc857a910bcae955429de568,1
0xb181ac487f601a6bd6a09d7cb13e4e315a694176,1
0x6f077c76664b5f9f2c2bbe5d4d85873348baeffe,1
0x47b20272ebee4233aad387dd88aa80ddaf55032b,1
0x16edb5eb8b98d39bf75ea22339a96b304d775d68,1
0x9362d131a21aefc4fefae87141974fe4b80720e7,1
0x0fe64b654aba1de411a2ec912f8b383302cecd55,1
0xf0d21d9475b047e12fa710659a65e85cd31add57,1
0x8f36085e03f089f3ab3e563bd5b61189fc3a81a1,1
0x130876dd70130b3358f1f1336e552536045746bf,1
0x34427072de07292302a80ed3d26994ee79aba9a8,1
0xad54590c9840dd5d426a9af1d77aa2eaf6caf54b,1
0xed5c3f6779b9e6cf80c0761f7192d9cf40e0d7af,1
0xf631f45e0786a1f3e074fa1063de48d001dbaa9a,1
0xfbbe05954c6b138999548171c272a1b109d89471,1
0x026514e83e2baa6f13fe897994d762499c971e4a,1
0x7c24d80f5364743520be4a5d02e93081ee70824c,1
0x07587c046d4d4bd97c2d64edbfab1c1fe28a10e5,1
0x481f30c4aac493ba28a00e3507dbb1f23ba1ef9a,1
0x044c77d4f9d3cc3c057f19a5528dbf8ee641be69,1
0x3730aade740a8ac5aec7533f029fcf985ebbc9df,1
0x7f85cf44e446a4b1aace2a28774e88cd6d4e3441,1
0x8ddca55a69842d9ea1ac039dc623f747c8ef6438,1
0x942ccd0b82f94ec1bbf4eda6fa9d032982b02cb6,1
0xb5378352ffd588e8484e01a1fab6644040fe636c,1
0xceb232454c774c79c91e54b6c695447e2300d883,1
0xa85c2b0d2da0cb25bac4e4b23588356c077c133a,1
0xa888b888c89c01d90cb9ac12503bcb177e157d64,1
0xfb04082970c9f6a355007438442a9eb660d0a73d,1
0xc291746643cf54f53c35a5ef8c598713075a9ac7,1
0x7f1a6d1c6d065b1f4c8ab0279c6d665b8dbf3995,1
0x34b31ce373741c3631d838264c5bf5501cea1b4c,1
0xfef764d7ed4ba535f2d868816bfc43545b6470ca,1
0x289e2652d9597a79dc73c0379421cc6daddb771a,1
0x42e19e3a352eeab0cdcb0f590d2c358d85ae858b,1
0x283d34b2fbce47a00c94a4335b3dcd2275400bf3,1
